t,drawdown
0,-0.010630375002211978
1,0.0
2,0.0
3,0.0
4,-0.005539094870417038
5,0.0
6,-0.0030559852349364425
7,-0.02315860118675761
8,-0.02935966298007353
9,-0.0332150469084701
10,-0.018601223863061955
11,-0.01839502597245324
12,-0.01791718627809502
13,-0.013725813552722843
14,-0.02042642301481723
15,-0.016838053767309957
16,-0.03383322755812168
17,-0.03839604062570756
18,-0.03221145423898386
19,-0.02901068437293841
20,-0.04385518903967889
21,-0.058279016900246394
22,-0.0489072632962132
23,-0.047385188193795225
24,-0.05859150595046314
25,-0.059052970751581335
26,-0.052113562304867855
27,-0.053856506536689386
28,-0.0547112529080388
29,-0.05935629714619084
30,-0.06933421626900738
31,-0.07431334144438329
32,-0.056866760715444165
33,-0.04273376561700559
34,-0.03432612140350033
35,-0.04467288192181429
36,-0.04485702625945587
37,-0.03724512304862415
38,-0.02271258303833601
39,-0.019564577547962925
40,-0.014838884019700571
41,-0.025955010940326595
42,-0.022184719851626955
43,-0.035755719475932146
44,-0.01759816950328652
45,-0.018796471943678394
46,-0.0019396914415782396
47,-0.01472715147299375
48,-0.019951642183017926
49,-0.027952828444911426
50,-0.020646441844760388
51,-0.030712675831240377
52,-0.02273704029361745
53,-0.01121874033996273
54,-0.013541386355192975
55,-0.016629698293953554
56,-0.015800872647931508
57,-0.013617849452040476
58,0.0
59,-0.007617352689555323
60,-0.0221461973990158
61,-0.020898980476919182
62,-0.01616884694286469
63,-0.01957215743591101
64,-0.014061357939008867
65,-0.01456507948337038
66,-0.013080815451256722
67,-0.026235690544301526
68,-0.03828307158980471
69,-0.03449303346975585
70,-0.022933006881106333
71,-0.0161401448019024
72,-0.026104908022312467
73,-0.037130125126069946
74,-0.04880278949727124
75,-0.05552597899958378
76,-0.05887946954461398
77,-0.059749615875246964
78,-0.050907546028236994
79,-0.057667029097428046
80,-0.06224791899666249
81,-0.07926179922481302
82,-0.07695158243263778
83,-0.08511805969304254
84,-0.10907707544678202
85,-0.10964989938360392
86,-0.10880508139469791
87,-0.10677034158069332
88,-0.1048257725857551
89,-0.0972934230925615
90,-0.11045831452466359
91,-0.09733941542629754
92,-0.10284225981860384
93,-0.09205970982280831
94,-0.07867670966061024
95,-0.07592287706799072
96,-0.07063304479412114
97,-0.056884504810451486
98,-0.048974768182168615
99,-0.01710909583928577
100,-0.028866063269841202
101,-0.03808137749538143
102,-0.047986489918025343
103,-0.032719496974368156
104,-0.027523996863642042
105,-0.02657099964505716
106,-0.021254588543730968
107,-0.011738089709127375
108,-0.024332918101450773
109,-0.013434517738800333
110,-0.009801662069216288
111,-0.0237238198862334
112,-0.03484534015041629
113,-0.046385883399113315
114,-0.052476525601629964
115,-0.034299556572568446
116,-0.01646853887200095
117,-0.01649303872614971
118,-0.012326575317047395
119,0.0
120,-0.0019032667149707638
121,0.0
122,-0.015008931351094157
123,0.0
124,0.0
125,0.0
126,0.0
127,0.0
128,-0.01187575904375271
129,-0.02055931193175975
130,0.0
131,0.0
132,-0.007930114652172415
133,-0.026521518264853494
134,-0.029996131336790022
135,-0.03171239525182168
136,-0.03289427379299015
137,-0.02891940129968895
138,-0.03363297606618276
139,-0.004828276741188131
140,-0.01351085913021377
141,-0.03382903217758837
142,-0.03250480306701531
143,-0.03405830368648455
144,-0.022640685168483943
145,0.0
146,0.0
147,-0.009570861690660126
148,0.0
149,-0.006385736190694158
150,-0.003290586694414732
151,0.0
152,0.0
153,-0.0010581337926749423
154,0.0
155,0.0
156,0.0
157,0.0
158,-0.008048718717716286
159,-0.026096514538611282
160,-0.03601731112419504
161,-0.05039669277536707
162,-0.051722986621331346
163,-0.06583189059070294
164,-0.051080548010302596
165,-0.06662246176573872
166,-0.048739334633794984
167,-0.04394493412808598
168,-0.04440589149483021
169,-0.04995665494441848
170,-0.046107730384609136
171,-0.008809796284927729
172,0.0
173,-0.0031262677005829964
174,0.0
175,-0.019846503163362228
176,-0.007601003340227286
177,0.0
178,0.0
179,-0.008876549018213664
180,-0.015553942565828538
181,-0.025916576311468154
182,-0.03817126820514205
183,-0.04337938972896227
184,-0.04129989103521137
185,-0.02966002789436961
186,-0.03751365610596391
187,-0.06814130273410446
188,-0.05585988512661222
189,-0.050925567390693205
190,-0.03610761247893224
191,-0.031354310843839994
192,-0.03860627245080339
193,-0.07002368308964702
194,-0.06656628595932557
195,-0.06242565984690562
196,-0.09090485631977707
197,-0.09157706739871685
198,-0.09903914572140193
199,-0.08191155635458391
200,-0.08646254455353553
201,-0.09818694322800059
202,-0.1159045273710485
203,-0.09437269754533162
204,-0.09898130900645308
205,-0.10927467695385529
206,-0.11174035209527156
207,-0.10713956867218699
208,-0.11092916866572378
209,-0.10095708718837171
210,-0.10627946328013249
211,-0.11719380255186962
212,-0.12675477084609377
213,-0.12560195576046973
214,-0.10238298513526023
215,-0.08988054086531272
216,-0.08308591570050616
217,-0.09428120490332348
218,-0.09877378654957625
219,-0.08492328861164711
220,-0.10879939082353651
221,-0.08899743463215326
222,-0.08219868508598471
223,-0.0767076651214903
224,-0.06595171440021763
225,-0.050865982420590705
226,-0.048719712203361576
227,-0.04991718867752293
228,-0.05414403618512886
229,-0.03330268791479518
230,-0.008238055195744276
231,0.0
232,-0.008587762121263887
233,0.0
234,-0.02288255002227857
235,-0.02562614292966192
236,-0.037949647194869485
237,-0.028098387069025677
238,-0.02872772988758332
239,-0.029907675819486057
240,-0.031599620957643126
241,-0.06487782245414087
242,-0.0633274260112392
243,-0.07626914959329789
244,-0.07950769314198813
245,-0.06299961451726122
246,-0.04301107666791271
247,-0.03762191312793706
248,-0.056294921830692624
249,-0.07393111809903685
250,-0.0692403404979609
251,-0.08459010510842457
252,-0.11674144822422061
253,-0.13191549517495438
254,-0.13671754167502082
255,-0.13346681799095672
256,-0.12818616342351608
257,-0.12009751523689771
258,-0.12297724172205515
259,-0.10683167302450991
260,-0.12714493330673116
261,-0.1308003929916841
262,-0.14439622022177023
263,-0.12521397760487596
264,-0.11100888302735512
265,-0.13356546756508836
266,-0.11796182410486655
267,-0.10940373013458482
268,-0.10170925516586682
269,-0.12667987083510435
270,-0.11998788941791638
271,-0.13288624184794662
272,-0.14759274160601332
273,-0.1320976702133374
274,-0.1539075910879426
275,-0.15900738110849955
276,-0.16408227361304295
277,-0.17175834644884558
278,-0.16396363786430246
279,-0.1730025566709772
280,-0.16529230965955466
281,-0.1734133022444705
282,-0.17142547281930098
283,-0.1659366616071103
284,-0.16475135511670602
285,-0.13814632871776267
286,-0.13641002081417353
287,-0.14233361043171944
288,-0.13110196140220465
289,-0.13180943612223162
290,-0.1285531943238052
291,-0.13556359667566953
292,-0.14133642837096527
293,-0.1573207332213462
294,-0.1654416943150614
295,-0.154211160378117
296,-0.1353239388693812
297,-0.13222775697242806
298,-0.11609267310586169
299,-0.11338709059272789
300,-0.10876734532644583
301,-0.09143557904810173
302,-0.1069880188805431
303,-0.11125196335912058
304,-0.11265218657660458
305,-0.11775346684089749
306,-0.10956176482177815
307,-0.12302609007866894
308,-0.12372663642729997
309,-0.13831825092142824
310,-0.14588801384094874
311,-0.1363651010796001
312,-0.13960293073269914
313,-0.15168994622148735
314,-0.16028674448427493
315,-0.15482797250146263
316,-0.14595828958514157
317,-0.15312840105640535
318,-0.1559695324234689
319,-0.1350710788942855
320,-0.15149889370833447
321,-0.12537737501582102
322,-0.14476099970305945
323,-0.13191507929549984
324,-0.12131692497784718
325,-0.137770249425058
326,-0.1486011089682222
327,-0.1457415390600686
328,-0.16131638747731203
329,-0.1723785165451901
330,-0.17359943397493915
331,-0.18176935143203032
332,-0.18273574232270884
333,-0.18555442862774196
334,-0.1820088406296435
335,-0.18309166705688273
336,-0.19563682552377937
337,-0.19552481094511698
338,-0.19368553518569953
339,-0.1853397708518778
340,-0.18645231803059814
341,-0.1638202738224397
342,-0.17479519770424745
343,-0.17030968158764204
344,-0.16653402260598027
345,-0.16020608421149296
346,-0.1350457642419446
347,-0.13761935964020788
348,-0.13311728135896894
349,-0.1461736426385899
350,-0.11751637813194316
351,-0.09772609501225982
352,-0.09352717839243485
353,-0.07699705752017083
354,-0.06334614341741596
355,-0.047276749053246636
356,-0.04627328296349398
357,-0.053093507525718286
358,-0.05640989811670405
359,-0.04804494354632172
360,-0.03887223864096445
361,-0.025382983364541478
362,-0.023452653727922823
363,-0.024740877145246865
364,-0.038291761841633964
365,-0.03704707279991537
366,-0.026930381258679525
367,-0.03208640371590854
368,-0.04134458045463563
369,-0.036327200983328534
370,-0.06293585923232681
371,-0.06492472748567202
372,-0.05639578299592074
373,-0.05608662928157104
374,-0.05573096771634989
375,-0.0747670526496863
376,-0.06875108524187301
377,-0.0718742025165795
378,-0.07405776709576517
379,-0.05961763705614931
380,-0.07559648931272811
381,-0.0799396334808623
382,-0.09164819440445748
383,-0.10980957571675465
384,-0.0999870640897963
385,-0.08534661994272885
386,-0.10175660430218325
387,-0.09691755337300079
388,-0.10868290114581503
389,-0.11732543672094875
390,-0.13222949008357
391,-0.14288659881477295
392,-0.13888667658966736
393,-0.1267376230921049
394,-0.11849805268891034
395,-0.11470308530408524
396,-0.1159492926661767
397,-0.10387614825619274
398,-0.10194206084442214
399,-0.11657730600465432
400,-0.12782787478822089
401,-0.12776603646522122
402,-0.13120836663440738
403,-0.12869314318641134
404,-0.11508908596019851
405,-0.13613552222827907
406,-0.14556484998652963
407,-0.16514358718831956
408,-0.17138807684244817
409,-0.1732520157040086
410,-0.17571260584909787
411,-0.16202749251431137
412,-0.14978166893648115
413,-0.14909889841864366
414,-0.15833248257556531
415,-0.16483651633933905
416,-0.14793200108550952
417,-0.15655106370083305
418,-0.1653370996814949
419,-0.16547983939364408
420,-0.16083620078723104
421,-0.14744791183100325
422,-0.15257628329143913
423,-0.16674723732582575
424,-0.17843433930733632
425,-0.1699224684716144
426,-0.17520167013231902
427,-0.1716156102647236
428,-0.16944045484235581
429,-0.16999821040814012
430,-0.19006669153099676
431,-0.19399732067592546
432,-0.19683140173437574
433,-0.1815556448840988
434,-0.18556247611461596
435,-0.18317865700973235
436,-0.19184683782374667
437,-0.19539863816500302
438,-0.18738790220120438
439,-0.17324540681041245
440,-0.1608343545675086
441,-0.1646786993013306
442,-0.1658909091548425
443,-0.17126964935271238
444,-0.17403793030735604
445,-0.1723471895630304
446,-0.1876219897267507
447,-0.20356914392851966
448,-0.18934034658460264
449,-0.19402804286756892
450,-0.19491069008931095
451,-0.18873875959276065
452,-0.1738173185844517
453,-0.17420151116349425
454,-0.1645616003929834
455,-0.15526746378725598
456,-0.16335226709599338
457,-0.14977506777558847
458,-0.16207966216320724
459,-0.16556099779958544
460,-0.17596090255962582
461,-0.1943357106667153
462,-0.20027679952726785
463,-0.1849885303777603
464,-0.18599327869165017
465,-0.19077338707805225
466,-0.18936011655910912
467,-0.16691757582089028
468,-0.1754099558838842
469,-0.17981141485278584
470,-0.19554274382024073
471,-0.17981506222118437
472,-0.17303437710838887
473,-0.16068869916095474
474,-0.17220530964813663
475,-0.16019708589287063
476,-0.16365434974249327
477,-0.15202598891791785
478,-0.14838423661158107
479,-0.15830768037375997
480,-0.1444848477594488
481,-0.16306223228867278
482,-0.16785941083703226
483,-0.16076239147087834
484,-0.16016089292579716
485,-0.1459839058599386
486,-0.1523803266747772
487,-0.17310863073308247
488,-0.16418131787887336
489,-0.1752458135250925
490,-0.1785939117649641
491,-0.16538983374239413
492,-0.1353150089261923
493,-0.13385362826803793
494,-0.1349085360580513
495,-0.1440778785203476
496,-0.14264445808151127
497,-0.12004497047660634
498,-0.14319403757005866
499,-0.14563431235244695
500,-0.13115970511584274
501,-0.13229056268398054
502,-0.1343273769568707
503,-0.12643241670358651
504,-0.11533933884942871
505,-0.12717090333547443
506,-0.10627467542728575
507,-0.10563059831277544
508,-0.11349581567266598
509,-0.11291077106880776
510,-0.11416923422689707
511,-0.11864043452776307
512,-0.12003215796849376
513,-0.10518371527031278
514,-0.11549892215238566
515,-0.13288165670897234
516,-0.1253481049380777
517,-0.13029172286830626
518,-0.13745730229696018
519,-0.15025174430544042
520,-0.15444541294082903
521,-0.1504441862691468
522,-0.16242937106682453
523,-0.18483675534247535
524,-0.1774956016774012
525,-0.1559947308831564
526,-0.11865457355819198
527,-0.10375480466051201
528,-0.10187513777015733
529,-0.08821575958474759
530,-0.07816157104639132
531,-0.06324907711455086
532,-0.0708138591718086
533,-0.06838673784555627
534,-0.0818806043014847
535,-0.07861554694197415
536,-0.08003240508271958
537,-0.0711527458392498
538,-0.06622764173449114
539,-0.03848268679883937
540,-0.04336038839910017
541,-0.023659759006583347
542,-0.024058508450181204
543,-0.027320620807247176
544,-0.011851492672769193
545,-0.005771235488689741
546,-0.0069007648982369885
547,-0.014359916359262814
548,0.0
549,0.0
550,0.0
551,-0.0030618251112783934
552,-0.0007818041306961732
553,0.0
554,0.0
555,-0.002918174995107936
556,0.0
557,0.0
558,-0.019701975194547194
559,-0.018243157424765233
560,0.0
561,-0.022160272184903684
562,-0.0059052838060006385
563,-0.012728379490334008
564,-0.00953716796334425
565,0.0
566,-0.007673839023292106
567,-0.029867513514672206
568,-0.0641511752199202
569,-0.07938831113002276
570,-0.07713841845557401
571,-0.05326004286252084
572,-0.06772534035235134
573,-0.08890093789615472
574,-0.08153388428325525
575,-0.0766801965780547
576,-0.07913073100119417
577,-0.0629650126325777
578,-0.05475152120484139
579,-0.04015262542377984
580,-0.03557579504925534
581,-0.015240911054493989
582,0.0
583,-0.014308220324560694
584,-0.021721076697037822
585,-0.02069591429042994
586,-0.0319311922245481
587,-0.03580171695507306
588,-0.02319485239493757
589,-0.027143550895943003
590,-0.04633916909928659
591,-0.05937265145914106
592,-0.05334905035669646
593,-0.02950873449007807
594,-0.04690816235795359
595,-0.0664093050803386
596,-0.06370835495619409
597,-0.07329826580773624
598,-0.05546380391179262
599,-0.06430258620645823
600,-0.07978418341925719
601,-0.08184230826143657
602,-0.05568831882683778
603,-0.05676170054859753
604,-0.04405467087236736
605,-0.044742424526782676
606,-0.03144424061091944
607,-0.03141191514169683
608,-0.032767292731023634
609,-0.023359083464520758
610,-0.02472366769721257
611,-0.02677388174059614
612,-0.05687415125756401
613,-0.04912066842864837
614,-0.035493649909704605
615,-0.03963152949799942
616,-0.028304282133573166
617,-0.011066927433645901
618,0.0
619,-0.029778212857302422
620,-0.010560854199030412
621,-0.018028602477489164
622,-0.02078095604900576
623,-0.013672857479295475
624,-0.005239114307889148
625,-0.009074614278148374
626,0.0
627,-0.024689857054481568
628,-0.04990317336235672
629,-0.030282382163512755
630,-0.026846787318383525
631,-0.03325859255425678
632,-0.005702724828497874
633,-0.0057412044613622815
634,-0.017986342073576966
635,-0.009177776926034609
636,-0.014910664240768146
637,-0.011393745745104655
638,-0.031308128883159037
639,-0.025673365219311295
640,-0.02898844599691197
641,-0.012554319948355763
642,-0.022325463211221197
643,-0.029339185410765745
644,-0.022537977784761853
645,-0.029157062988649396
646,-0.02206754942212885
647,-0.03183347444177409
648,-0.046705228168966384
649,-0.0561669922522261
650,-0.06426878339829034
651,-0.03447702506886574
652,-0.02972378085579397
653,-0.017125992640831256
654,-0.019737326625094864
655,-0.0069316797428988774
656,-0.018920212329088915
657,-0.008633027738678911
658,-0.027727203119399024
659,-0.04098308808367557
660,-0.03907928091620683
661,-0.03134733459531025
662,-0.01175301707625731
663,-0.0034243797475835835
664,0.0
665,0.0
666,0.0
667,0.0
668,0.0
669,-0.009596677483136973
670,-0.005545474544706441
671,0.0
672,-0.003817425367399707
673,0.0
674,-0.014821442389442607
675,-0.009922399406585347
676,-0.035016273288474786
677,-0.03381434421531604
678,-0.044083439475315345
679,-0.05093049024550744
680,-0.055450096580819785
681,-0.0652287274780825
682,-0.056202633678802516
683,-0.0792706143988966
684,-0.07110630576419408
685,-0.07558791851739333
686,-0.06377791447770054
687,-0.0901129673084361
688,-0.09606563500556586
689,-0.09050604428683873
690,-0.07841502878882378
691,-0.061703431148592114
692,-0.06930145834997647
693,-0.054480135196286694
694,-0.04809679622449092
695,-0.05014863849578255
696,-0.06254834534351394
697,-0.060924128449844295
698,-0.07982073943953649
699,-0.06551955456835035
700,-0.08645307806708791
701,-0.05995935327305857
702,-0.07717767719523883
703,-0.09227676898799231
704,-0.0951601675131416
705,-0.09533222383694262
706,-0.10923481031947113
707,-0.11396258360744371
708,-0.10491303759132653
709,-0.10196886425359597
710,-0.09459101861933494
711,-0.07730067992405953
712,-0.08240415121119471
713,-0.06731160506887168
714,-0.06827698188098608
715,-0.07409240677042184
716,-0.06425675184425383
717,-0.0871394408755809
718,-0.10125334551860687
719,-0.09646397213893843
720,-0.09919847681399496
721,-0.0932202046210463
722,-0.08725989476148877
723,-0.09027591659079182
724,-0.09787521694786794
725,-0.09087666815823259
726,-0.05109273585787222
727,-0.06566874114858157
728,-0.05457435887721174
729,-0.03043338269449658
730,-0.03278598267077204
731,-0.019407274766599647
732,-0.0444617635303185
733,-0.04715177843057383
734,-0.044477532342369286
735,-0.0863480834648841
736,-0.08072532114428521
737,-0.09633594965213454
738,-0.09538774653049364
739,-0.09734912381557093
740,-0.08526484629939712
741,-0.05639268070319392
742,-0.06420639689749308
743,-0.07245004513388131
744,-0.06258013142862118
745,-0.06157119673993061
746,-0.07291586963038055
747,-0.07723143823005107
748,-0.09742697334506634
749,-0.07889060523764868
750,-0.08527387038214251
751,-0.0980087712346902
752,-0.1004330458773477
753,-0.08292558672262829
754,-0.0948619909703714
755,-0.0849991786611679
