t,return
0,-0.032884602904529645
1,-0.00048660698942017263
2,-0.0017858071183654146
3,-0.002789027588027827
4,-0.014227413167245864
5,0.005979595895839035
6,-0.013181005782034386
7,0.018940184319020996
8,0.020777941926756742
9,0.0005577725763849856
10,-0.006464931585056312
11,0.01766886671176216
12,0.01854228636413171
13,0.008567152558822826
14,0.004084144107413889
15,0.0012866665272826287
16,0.033597195035551
17,0.01457203654196995
18,0.016629678604584693
19,-0.015999003731335316
20,0.009048366988914845
21,-0.015113871778316372
22,0.016460552466335404
23,0.018359736810724482
24,-0.01078305688809233
25,0.012132933525710893
26,0.002981706580934499
27,-0.01277859414389162
28,0.0061234937497983855
29,-0.026683064896589198
30,0.010083437430509264
31,-0.006467912401778029
32,-0.007626160529980431
33,0.023003507478512215
34,-0.004779156114061074
35,0.04357705697751514
36,-0.01531974778199763
37,0.00411036385315552
38,0.004904076931065902
39,0.0001831968454019051
40,0.007753350932044579
41,-0.002651929486721417
42,-0.0030141779313154404
43,0.008859139218656055
44,0.0025785679603522607
45,-0.009594156499342804
46,0.005638522318308779
47,-0.0015928306486869127
48,0.008205346839377143
49,-0.0029931500947844416
50,-0.02136933059197249
51,-0.018795615434436523
52,-0.006119924401546169
53,0.00640371854088192
54,0.014769899533622255
55,0.0378333695825825
56,-0.013938886399139977
57,0.03708215741426432
58,-0.024767537524236022
59,-0.0017969953071953109
60,-0.02359626868897665
61,-0.008416043208976957
62,-0.001206638340139524
63,0.006343079870847765
64,-0.0017754132419118018
65,0.0032992354853921507
66,0.001486641784469298
67,0.0014186657286577116
68,-0.027817786228197826
69,0.004697356548961834
70,0.026345936564904172
71,0.00674784600294035
72,0.015451229805721962
73,0.008816719264917476
74,-0.0007299627215492605
75,0.01378617359937412
76,-0.011131173353077818
77,0.006203022052050359
78,0.022002421198417207
79,0.008609405427565883
80,0.02425092690481989
81,0.0056349337688790975
82,0.0005272719264110969
83,-0.004388391510846327
84,-0.01226389569382069
85,-0.023006279102264028
86,-0.021709189161547716
87,-0.005929495337846314
88,7.59027144107932e-05
89,-0.007642888514653187
90,0.03464362814696047
91,0.018786297080650688
92,0.01788537250782283
93,-0.02517898665096329
94,-0.00734404512710584
95,0.026897302861714656
96,-0.02041173534327744
97,-0.005431662412584234
98,-0.010032044861174295
99,-0.007275257201943218
100,0.00284363443413386
101,0.006939622997684253
102,-0.023544782751972894
103,0.0167124820694078
104,0.016162124892947494
105,-0.0066936622321985394
106,0.01593355284681756
107,0.012954687868617967
108,-0.0007779908088634199
109,-0.002443629304354847
110,0.0009178496277515915
111,0.002040048819167822
112,0.01053461977680309
113,-0.0023354424578752135
114,-0.015161802642727188
115,-0.0014632088667065018
116,-0.002068553255146274
117,-0.004728846045068742
118,-0.022835650484875812
119,0.006790672630805822
120,0.003495485532497564
121,-0.0010634439382753132
122,0.016619630069032457
123,-0.0007221397389307492
124,0.04318776577282662
125,-0.001274128972663928
126,-0.007726988488815074
127,-0.010750235760033276
128,0.0007667901532527677
129,-0.004185961967017802
130,0.03366381363648878
131,-0.013045666849639167
132,0.00938158326286772
133,-0.00033833016388641027
134,0.004480303821402059
135,0.020071768800109628
136,-0.00023261556465040915
137,0.009052444973069017
138,-0.0006062079348910501
139,0.009640530874799939
140,0.013849032741145104
141,0.006861007561265784
142,0.003718348108026568
143,-0.013652403546936665
144,0.00906364393463168
145,0.0030335809511586043
146,-0.0010528160601255246
147,0.0020625678627964527
148,-0.003882062236323174
149,0.011226987125342725
150,-0.005033955155733987
151,0.019665379740205817
152,-0.004173319107108574
153,0.025634650797596616
154,-0.026283462761033737
155,0.021014203104033707
156,0.0011362768223245655
157,0.017860813697278516
158,-0.031703914182218115
159,0.03200686391145741
160,0.004621654698489148
161,0.011822921336918387
162,-0.012734649341149918
163,0.02182180542536096
164,-0.006355184353244217
165,-0.0006017638360071439
166,0.014412169424394158
167,0.002020624627963664
168,-0.00033460519890522776
169,0.018998672001794725
170,0.0031970787620798553
171,-0.000890668459033697
172,-0.011698848475409203
173,0.030766698018678866
174,0.009096822538098919
175,-0.002445893619157704
176,-0.027867319190770408
177,-0.029490468277274758
178,0.011504428835738885
179,0.00673999303601421
180,-0.014934818171803739
181,0.010249342771746701
182,0.0035397766347390605
183,-0.01292676350436914
184,0.015462626795268311
185,0.011422535050551746
186,-0.03249426277669397
187,-0.008755684310206242
188,0.012605217258158588
189,0.019565071738474785
190,0.007275671827472052
191,0.013595894376148396
192,0.001415042045815552
193,0.01546428354028269
194,-0.01415308078581222
195,0.01799954506283969
196,-0.005407002846544265
197,-0.011157819234879345
198,-0.012745930673446752
199,-0.0010452618609503874
200,0.01559508849783427
201,-0.004955279880785634
202,0.017767588028957962
203,-0.006235229664590072
204,-0.008656831743650001
205,-0.0094290396437298
206,-0.015018219796995741
207,0.012968789196925538
208,0.02260643734938622
209,-0.021742714587112938
210,-0.003587580599519656
211,-0.0219356610274124
212,-0.02033671814919242
213,0.0030182558079396137
214,0.009118245560997974
215,-0.006211733761018434
216,0.017731560582303185
217,-0.030581474070535734
218,0.0030543057347420625
219,0.014480289714026491
220,0.008468483982806311
221,0.013715463319499887
222,0.009317136484510944
223,0.009615569039245143
224,0.020771141629761666
225,0.016532263743533938
226,-0.0031070360453917204
227,0.006307049723854176
228,-0.01955929130426433
229,-0.007694179307842337
230,0.03414499779117696
231,0.02392915621189448
232,-0.003281321221820732
233,0.020651236283916942
234,0.014581679213192967
235,0.00019055463861790932
236,-0.012952015223632856
237,-0.0057699496982475534
238,-0.013356943696731719
239,0.003183175773135358
240,0.006462479396982203
241,0.008607382797221605
242,0.012921854577277321
243,0.014564930459724184
244,-0.012719178662704667
245,0.004772935178741352
246,0.01411168021098032
247,0.007708545043995824
248,-0.01942747726780083
249,0.01980846557909345
250,0.012765100358447471
251,0.0003929713369449038
252,0.006099609154189048
253,-0.012736202080157204
254,0.006917082705886827
255,0.011270834208418323
256,-0.018835290415363568
257,-0.001745025619621607
258,-0.010019379602249377
259,-0.008456058586775953
260,0.007092811878783966
261,0.030930137263269743
262,-2.0927168310368475e-05
263,0.01563744082954404
264,0.015701614405093274
265,0.023334389848087708
266,0.013881200133616848
267,0.023207954669602654
268,0.0007859759398194198
269,0.014134739917244243
270,0.0010046602530513783
271,0.003384161969469395
272,-0.0072832775461660285
273,0.007235713284508784
274,-0.03248719859075817
275,0.020175324945092048
276,-0.007440236526598365
277,-0.009254251774055932
278,-0.014199738770816426
279,0.02726819344829698
280,-0.005962829436878514
281,-0.01348794127314266
282,0.025063247588284647
283,0.017228099548512378
284,-0.006430435265269527
285,-0.007869895859701015
286,-0.0034961851463905713
287,0.014562806063488328
288,0.029355869720011155
289,-0.019113627635743966
290,0.015908500638278412
291,0.0033253679086746885
292,-0.037147827676926544
293,0.005501162411554243
294,-0.03197498980927918
295,-0.002494206883066284
296,0.032079888986535354
297,0.001610378387199532
298,0.0027071844225028713
299,-0.006732518909533536
300,0.01289357088833856
301,-0.020503550359076
302,-0.024401611626206153
303,0.01211467193616581
304,0.010092795425335628
305,0.026163289110124083
306,0.017600525642039795
307,0.01530945916991022
308,-0.0060299097238142975
309,-0.010380923140336498
310,-0.0012254996910414512
311,-0.005514407154684311
312,-0.004760064480938633
313,-0.03024618318430812
314,0.005129496922979281
315,-0.0012602096854511815
316,0.0010261702598123432
317,0.02160528990760896
318,0.0019745564357333215
319,-0.008771654866238179
320,0.01946040261810384
321,-0.021537889100945402
322,-0.002110813158232364
323,0.00940388532054593
324,0.02029844311612812
325,-0.014854413759706453
326,0.028158445246778005
327,0.020966078856121867
328,0.005973794006910686
329,0.006004312163647947
330,-0.0102894067946037
331,0.008321121353181759
332,-0.01627848788858135
333,0.01912673831997916
334,-0.02473341853520579
335,-0.02300657467017205
336,-0.0002609071729467434
337,0.018207019715565646
338,-0.01683969019258074
339,-0.009475349281296761
340,-0.02423662274773928
341,-0.0021965937041487625
342,0.0044034076132874415
343,-0.012143419638529305
344,-0.023493045526790053
345,-0.008122960309885982
346,-0.016540505413663906
347,0.011590446933520517
348,-0.00011046786832125404
349,0.00023147152463402472
350,-0.013770339340151993
351,-0.006358629753056604
352,-0.023016927751589644
353,-0.0045805808744254295
354,-0.0008908455107995321
355,0.00460807112231317
356,0.014923288479708573
357,0.01626655627514581
358,-0.0010727305319814797
359,0.03831499846006112
360,-0.00039899402796496146
361,0.014040434249068269
362,0.006642466706200724
363,0.009666382047055319
364,-0.031690565190846204
365,-0.00489491900614492
366,0.01347310313248084
367,-0.0031448253065092992
368,0.01486242601289264
369,0.0007423580695739497
370,-0.027439244156176927
371,0.008457313154602426
372,0.005966963570918956
373,0.02069597219773115
374,-0.01544548108184774
375,0.003991054692680227
376,-0.013981794058939272
377,-0.023645913592360734
378,0.0002934482823373774
379,0.0006045843365464449
380,-0.0001976467955919247
381,0.042214561535374485
382,0.005640850443057486
383,0.010795044581183404
384,0.0031420519046654123
385,-0.03159216666352471
386,-0.0011894460431300978
387,-0.007650631869258767
388,-0.014822885547763886
389,-0.007219742908234012
390,-0.002626646898427003
391,-0.00018279970463754925
392,-0.024723726733244245
393,-0.001797527382287631
394,-0.014536847764111686
395,0.014435774183964077
396,0.023009986306816325
397,0.005243454271459233
398,-0.003059777791326721
399,-0.011193804234566644
400,-0.014671197827845326
401,0.02358304598444272
402,0.006107637705979465
403,-0.004249878087325052
404,0.026717999815549683
405,0.0004070058763980647
406,0.01401215421564127
407,0.0326420748484434
408,0.011006760368020948
409,0.019664957664444906
410,0.007356680483770477
411,0.028239691716157873
412,-0.016527061976165332
413,-0.002347389965166397
414,-0.013964745055806933
415,0.01986596469748024
416,0.019584393295127525
417,-0.016095050057215197
418,-0.015232205318155561
419,0.012574898364995164
420,-0.0024308876448767463
421,0.014744256308803329
422,0.019462079630797817
423,-0.002130441409673529
424,0.002154734885912164
425,0.0018125559880133992
426,-0.00018560257619314418
427,-0.018848555967481362
428,0.015312343159013291
429,0.021220070504142763
430,-0.01648806318882571
431,-0.011283850374637699
432,0.008328809279430836
433,0.002388928516914952
434,0.02809389379570417
435,-0.018153893206328153
436,0.017195077651761655
437,-0.010337511665351184
438,0.00936853253829492
439,-0.007713452034689431
440,-0.020920724293080797
441,-0.009944435830045699
442,0.0015909351115191413
443,0.008163855125304863
444,-0.013910274268084943
445,-0.0025160062113983197
446,0.022559239957260363
447,0.03621136540155192
448,0.0013252111416756623
449,-0.01780148123799124
450,0.017033796876878504
451,0.011930027462835694
452,-0.010072595283662576
453,0.006030974064972225
454,-0.01712789328475607
455,0.02688780758872636
456,4.937749288980349e-05
457,0.0024094193273183793
458,0.03130556884114573
459,-0.03375599624839417
460,-0.034014022116820655
461,0.005841911612268128
462,0.02194034422001835
463,0.023322357930432705
464,0.02216038940975406
465,0.012458241076382257
466,0.0123238246204139
467,0.0023542842124753367
468,0.004511183413112896
469,-0.020650110729223063
470,0.024858361646257682
471,0.009978473513297321
472,0.0010418292470240603
473,0.004303800235781194
474,-0.0016975333902974083
475,-0.0034427372713805313
476,-0.011259906705317272
477,0.013828811998873205
478,0.014598858154243517
479,0.0106441273864081
480,0.016718544034870393
481,-0.0026485321497437
482,-1.6835597703443147e-05
483,0.02159485203465667
484,0.005915059197306302
485,-0.01216038844568537
486,-0.001341691671554054
487,0.03530198948926165
488,0.0008782362878403283
489,-0.010417303341550655
490,0.0049847634018691305
491,0.0044509901536159266
492,-0.00039066244968670254
493,-0.01968542178355185
494,-0.015041795370810547
495,0.0029346639662471306
496,0.01543386563775629
497,-0.00016163498414497246
498,-0.007413584826980053
499,0.013161393988471326
500,-0.002009899177887407
501,0.01205106036152264
502,-0.02243142512724998
503,-0.020727123597747414
504,0.030827931089475867
505,-0.0047300437642813845
506,-0.01619930599272968
507,-0.019645249597468016
508,0.0041794450670257395
509,0.001565737446294041
510,-0.0009184550996262329
511,0.013937949136847188
512,-0.025842317174375497
513,-0.023203569271678694
514,0.019813006380902137
515,0.02119293342062658
516,-0.019722372001397676
517,0.013218897684327826
518,-0.0034184603874628013
519,-0.014616424639102997
520,0.014909371940255989
521,-0.009334276878869237
522,-0.014159339702776176
523,-0.014455581162955963
524,-0.010850143840456187
525,0.006192441443215034
526,0.0034159021886719515
527,-0.0023540811138042204
528,-0.009118090912136998
529,-0.0076283426983629575
530,-0.005803106545781715
531,-0.0001717988098937776
532,-0.012037222179914256
533,-0.01345558048120652
534,-0.014425190934272233
535,-0.01131792571544916
536,-0.013382821997452263
537,-0.019697431321900306
538,-0.013232814595545159
539,0.012826492924199769
540,0.0023932281908690756
541,0.012766366081013902
542,-0.008697023290588473
543,-0.033546032765481515
544,-0.028461789332797832
545,-0.01776923746303552
546,-0.004190101914105141
547,0.015019676869539821
548,-0.019088935438233944
549,0.004368410444468945
550,-0.004108099241998711
551,0.00415373089035353
552,-0.0045584882450981105
553,-0.02018944201164654
554,0.004094726263296709
555,0.011992065032972121
556,0.024129679934651017
557,-0.002116985653213296
558,-0.012098900507915731
559,0.031090653243857118
560,-0.0010787783529781114
561,0.022517642257450142
562,-0.0487532738828652
563,-0.004201106665506668
564,0.018772878930136593
565,-0.01003504488123603
566,0.006636910699305405
567,-0.002881894367863038
568,0.03415187119216606
569,0.00871436734973435
570,0.005551438344212775
571,0.011579407880230529
572,0.017815579528333146
573,0.006082368618408729
574,-0.015637576175115735
575,0.0001781645868820941
576,-0.014406529064338728
577,-0.009761499326070873
578,7.46674090619546e-05
579,0.01364862415264783
580,-0.019674464847991145
581,-0.018609228742183813
582,0.008657907738810288
583,-0.008354752004800067
584,0.020984452525561068
585,0.005617756569967024
586,-0.003518633577935423
587,0.018512889299066755
588,0.01490685217982435
589,0.009469891190509718
590,-0.01002470975970271
591,0.022809275148233027
592,0.014394680550909372
593,0.01116099216270038
594,-0.03376255890369641
595,-0.041344492791919304
596,0.0031159989050809868
597,0.0002107032414970342
598,0.0017769627279174333
599,0.0007326950879231045
600,-0.002203829557540493
601,-0.009719194680618227
602,-0.010016530710623963
603,0.0209209859445239
604,-0.013456726029259606
605,-0.002100252269359923
606,0.02088872890949703
607,-0.01933490029074835
608,0.011818665135840933
609,0.0030115958586554798
610,0.010781235854647298
611,-0.007427270634995696
612,-0.008712614020966899
613,-0.004590351052739695
614,-0.014826341515602451
615,0.0035684595177729963
616,0.007512382492374429
617,-0.006384951420694954
618,-0.0010547899749772899
619,0.007517914895328843
620,-0.005183351432827254
621,-0.012323520826738167
622,0.026593399266767237
623,-0.009687875688293306
624,0.009940361495923157
625,0.009439841416175732
626,-0.03127061398304531
627,0.00972220155328707
628,0.020504152853492462
629,-0.018566420323262472
630,0.004587321728715277
631,-0.008641422429170143
632,0.005918305449878323
633,0.0007434356474642892
634,0.004850960821044419
635,0.0011820492221476075
636,0.018428531406294635
637,-0.029782624974785482
638,0.007006012877951251
639,-0.008223187056157351
640,0.026289710581451638
641,0.006712015065437521
642,0.011659810353677847
643,0.023631958235783332
644,0.005616163158579934
645,-0.019816042491275825
646,-0.0089587852082422
647,-0.017608288819153196
648,0.0251441048076564
649,-0.019579466348352594
650,-0.03174491929852488
651,-0.00533473823471783
652,-0.002288345113352162
653,-0.007088681772416363
654,0.0009532025505798529
655,-0.017134770058932255
656,0.029956757255052466
657,-0.013414625122598486
658,-0.0005687345168031222
659,-0.005577618390634946
660,0.0033240313254697534
661,0.0007989854917443194
662,-0.0061806967382999605
663,-0.009095631786535963
664,0.014999335408149222
665,-0.009360742301192092
666,-0.016004448056737397
667,-0.0016185487856691947
668,-0.026948943832085112
669,-0.002861204809213348
670,-0.0004417930712957961
671,-0.022429817815638006
672,-0.02270664814488401
673,0.00017812176982473418
674,0.016992715166172054
675,-0.029899438753619126
676,-0.0037063948475622903
677,0.00039237309413941307
678,0.013909779214273985
679,0.0006107329972814826
680,-0.012138687241949293
681,-0.012723294292449991
682,-0.0036862769463811163
683,-0.00041955357189610103
684,-0.03994237163937205
685,-0.027281854064189086
686,0.02689897741378075
687,0.015547298504768907
688,0.027416759198460774
689,-0.005087996235481423
690,-0.009592355541684458
691,-0.04623016943506274
692,-0.02533827451385217
693,0.006814228727580581
694,-0.006077828273157322
695,-0.015737263584095364
696,-0.010364757511237948
697,-0.014580083681689534
698,0.0043564121511857
699,0.028499711464112225
700,-0.017106281134038233
701,0.009028576486690127
702,-0.017963212384725036
703,-0.02371462650763439
704,0.008934978605409741
705,-0.0009143503602772366
706,-0.004362705138286263
707,-0.031240196734258582
708,0.017172151182898346
709,-0.013732695329482965
710,-0.03561791604668756
711,0.00012872271267320144
712,0.029254372557484483
713,0.008466339872085133
714,0.01643367380806442
715,0.005063435543624151
716,0.008017775897771372
717,-0.02011828699323022
718,-0.00804098476613044
719,-0.0009815513937195108
720,-0.014221374579971078
721,0.01410814341924325
722,0.01334166549709571
723,-0.0052128611121866255
724,0.011212543634566656
725,-0.008420495036031476
726,-0.0005138830372833456
727,-0.009012148552909391
728,0.006877876484005342
729,-0.014593132396248602
730,0.0066513027508821165
731,-0.010324911118605657
732,0.01861979914041488
733,-0.012902301530255999
734,0.01738011562029404
735,-0.01849750782523058
736,0.004551192918075594
737,-0.016038861790787465
738,-0.014149623062337642
739,-0.0015231647033880926
740,-0.005269073686326427
741,0.026034742782290753
742,0.02412400520600893
743,0.00705279665242033
744,0.01480401303713739
745,0.02503009807839287
746,0.028996976751252963
747,-0.006413272885706258
748,0.015050501614812943
749,0.02221930057299759
750,-0.00815581008309693
751,0.024357987773258462
752,-0.0013713407901689355
753,0.006806654921052765
754,0.015663960346556767
755,-0.01716485931186873
