t,drawdown
0,-0.008626387356710175
1,-0.00132198298986963
2,-0.00218016559193257
3,0.0
4,-0.00586825781031175
5,-0.023553785825223383
6,-0.023615069490346863
7,-0.053558584879661364
8,-0.07171743342587822
9,-0.04951633066196315
10,-0.0683918777744531
11,-0.05833791702453783
12,-0.06667988111972589
13,-0.07942688761043748
14,-0.06131262060347664
15,-0.07135964814357254
16,-0.08211272738714526
17,-0.09877186509880453
18,-0.1299075386707781
19,-0.1183681810654964
20,-0.11327121000067564
21,-0.09575765278306081
22,-0.08100428597453657
23,-0.07291284042927604
24,-0.08462237020907626
25,-0.0727690830373745
26,-0.06677343848310124
27,-0.04612745763602055
28,-0.04652538267609063
29,-0.03831201040225085
30,-0.0467857631589792
31,-0.06164882739087574
32,-0.07839657280357826
33,-0.07631342047835943
34,-0.05600689400271541
35,-0.05824526532417662
36,-0.03530656854488878
37,-0.033722271483782484
38,-0.03691961822073253
39,-0.03823905114805337
40,-0.008141471306759906
41,-0.013206547417607961
42,-0.0023818692842412226
43,-0.006573257610377414
44,-0.01894969173685046
45,-0.02595343543008688
46,-0.01603442564643076
47,-0.01731738788338677
48,-0.026637972977145874
49,-0.021950010604776304
50,-0.013897201667272263
51,-0.02106704832167805
52,-0.009316662379809881
53,-0.012808813353387238
54,0.0
55,0.0
56,-0.002254829829526961
57,-0.0073626353227420616
58,0.0
59,0.0
60,-0.02097748282484313
61,-0.03035721957055415
62,-0.02807654961578987
63,-0.04327176145645584
64,-0.06437686918648167
65,-0.08216891185408937
66,-0.11094956485875707
67,-0.1356542228825377
68,-0.13216975202687353
69,-0.14302413842906359
70,-0.1501567844406292
71,-0.13270409289503626
72,-0.14563107363395067
73,-0.13627408127533347
74,-0.11338425905388805
75,-0.10762652330987799
76,-0.11288073789522735
77,-0.11053956020291067
78,-0.09603929368727537
79,-0.062091789753676796
80,-0.06789904164400973
81,-0.07656298687227137
82,-0.09515944383469854
83,-0.09784200009803379
84,-0.09867331430367954
85,-0.11723391422005103
86,-0.11718222573905712
87,-0.09309786289701982
88,-0.10169719541992628
89,-0.13065153544434427
90,-0.14008459200551127
91,-0.12982006161983206
92,-0.11496477896613733
93,-0.11549876682804439
94,-0.11001994760422851
95,-0.11287911643850035
96,-0.10553547257095253
97,-0.10118631636442388
98,-0.08419332942977509
99,-0.08296318861511132
100,-0.09402862535919887
101,-0.08662528676038939
102,-0.07587661073295526
103,-0.08025103180474957
104,-0.08310827393703046
105,-0.10314527700545495
106,-0.09401412723789815
107,-0.10376103660195612
108,-0.08764973049096325
109,-0.0588280618437631
110,-0.049721380141572236
111,-0.029301115337235895
112,-0.06256484029958076
113,-0.050536165530315924
114,-0.06724027713792002
115,-0.06065711481846647
116,-0.045695840461003945
117,-0.05665273947446192
118,-0.06724091301179969
119,-0.07533213729222221
120,-0.07617565518221547
121,-0.08494594853240123
122,-0.07096488736158302
123,-0.08413223503491551
124,-0.08596600079627603
125,-0.07830619725789956
126,-0.07692517118486686
127,-0.07157001911066851
128,-0.07826051960236069
129,-0.08983841532894188
130,-0.08045780331986108
131,-0.10128960742302928
132,-0.1347782266372135
133,-0.13734550970528425
134,-0.13642288854872242
135,-0.14025342750858139
136,-0.1616126685799134
137,-0.16328458598185625
138,-0.17905456174553835
139,-0.1786389597924657
140,-0.19154564459841716
141,-0.1823249491069091
142,-0.18965811937276544
143,-0.18171432756212613
144,-0.1913454168163975
145,-0.1955992473546908
146,-0.18787032112913693
147,-0.18082694258583976
148,-0.1842007696581428
149,-0.20070168323178106
150,-0.18961996717807283
151,-0.2058020998936988
152,-0.19008980677335974
153,-0.1606207938364672
154,-0.1674465891594098
155,-0.18914743352807162
156,-0.18685236811385852
157,-0.18026346719461284
158,-0.17863632959825415
159,-0.18704352522125656
160,-0.17557887614611867
161,-0.1733649354880885
162,-0.18581069212181056
163,-0.19301329902189313
164,-0.18928628903822153
165,-0.20339873389643726
166,-0.2200537052386342
167,-0.22856561899897154
168,-0.22503458944495447
169,-0.2232486392368831
170,-0.19882330728352426
171,-0.19608689527816514
172,-0.20722547813262304
173,-0.19317074340809426
174,-0.1775883375837125
175,-0.15367687883433512
176,-0.13477811662913408
177,-0.14342703166475257
178,-0.13449544191838259
179,-0.1451747688370124
180,-0.12886587556557993
181,-0.13685373524995104
182,-0.146013334177011
183,-0.13631630067457567
184,-0.13119973137030028
185,-0.11905633685980166
186,-0.11832339308997486
187,-0.11194794863441615
188,-0.12133819075143992
189,-0.11054435124456952
190,-0.1089124987593062
191,-0.11778379287292162
192,-0.12675930482844855
193,-0.12041704589402269
194,-0.10382122141041894
195,-0.11857001603204154
196,-0.12495033295846325
197,-0.12326667846392525
198,-0.11943269910332244
199,-0.11821488721596629
200,-0.13430164983251525
201,-0.13714265626864275
202,-0.13734902829394302
203,-0.1288951600356424
204,-0.14569839892548453
205,-0.15327971195667478
206,-0.17600212459818243
207,-0.18614886363028393
208,-0.19481964746637515
209,-0.1832231776024087
210,-0.17751395189250174
211,-0.17103358970558857
212,-0.16418162504269984
213,-0.17218859836876987
214,-0.1728238599891393
215,-0.19766340888520906
216,-0.1985298035617763
217,-0.20879945380708875
218,-0.23198745060645276
219,-0.22308597906077932
220,-0.20387124408220625
221,-0.20966109676183498
222,-0.22346195802519264
223,-0.2273950373869258
224,-0.22362578374159336
225,-0.22057451844225107
226,-0.2197773548861347
227,-0.21315460957157384
228,-0.2122389886429621
229,-0.2158578725341207
230,-0.21175522773189415
231,-0.21670848600259152
232,-0.18882482954404312
233,-0.19803120692864362
234,-0.1886981657846024
235,-0.19979877192266415
236,-0.2132070925106584
237,-0.20945728055556068
238,-0.20434190328737734
239,-0.22184236202429963
240,-0.22929590616549977
241,-0.22712754357881337
242,-0.22972937697100915
243,-0.21185576752296165
244,-0.19275426818343155
245,-0.18170950719132872
246,-0.18202549795323164
247,-0.1868522043589136
248,-0.19843133260172752
249,-0.18816522326020468
250,-0.1740376416999594
251,-0.1719324000130522
252,-0.15828949654179736
253,-0.15546786945174573
254,-0.16680560005037726
255,-0.15086002706478907
256,-0.16985556495666831
257,-0.17706432855603282
258,-0.17147293547404818
259,-0.17572765509853516
260,-0.1603531710128987
261,-0.1655111580911457
262,-0.1381777201772223
263,-0.13747736286615608
264,-0.16758424931069726
265,-0.18669055484713626
266,-0.18873440757360438
267,-0.19260436474302245
268,-0.20484284707450218
269,-0.19308399509170782
270,-0.20013958139926058
271,-0.221968319019878
272,-0.21421813691663605
273,-0.19825899868925712
274,-0.2031418196727972
275,-0.20182670468312236
276,-0.20190621425705713
277,-0.21414873110387067
278,-0.2144659131903508
279,-0.21929463236419644
280,-0.22532328864392537
281,-0.2159276232904752
282,-0.2236030285458066
283,-0.20394925698640987
284,-0.2201204882077843
285,-0.22392814159689955
286,-0.2160747027210489
287,-0.22535114903860076
288,-0.21392685631512076
289,-0.19551104550311038
290,-0.1979260243656643
291,-0.2079201678625321
292,-0.21086921439914508
293,-0.20535984559611964
294,-0.21298008783725142
295,-0.20980541747655812
296,-0.19668964461469574
297,-0.18924467363405761
298,-0.20368918760169097
299,-0.19427495097682557
300,-0.2010923392664692
301,-0.19861897067109702
302,-0.19341496355836663
303,-0.18943987443322552
304,-0.18204492349100787
305,-0.1850292241161159
306,-0.20088546920608408
307,-0.17005442771036472
308,-0.17635635642367942
309,-0.18045311064099823
310,-0.17606401648535963
311,-0.1748304285587512
312,-0.18938324024129016
313,-0.1746107063118435
314,-0.1635533199351208
315,-0.165501988048951
316,-0.15620858482318478
317,-0.1655306270975594
318,-0.17755214645970208
319,-0.16209120187032255
320,-0.13492170073845056
321,-0.11858354049716391
322,-0.13113938089903354
323,-0.12045478143322141
324,-0.11059105350948528
325,-0.11917516629651848
326,-0.10754867062148488
327,-0.12877313210068198
328,-0.10540000869613253
329,-0.12487767033192254
330,-0.12585873953198767
331,-0.10763013793283616
332,-0.09049877149619079
333,-0.06001388246680517
334,-0.07454556561646664
335,-0.09767603218839316
336,-0.08832791124025774
337,-0.09394530382903354
338,-0.09456193350481534
339,-0.08013126167216356
340,-0.09005163184934573
341,-0.09518745291278952
342,-0.09426716556717596
343,-0.07740872896941764
344,-0.08602144978506221
345,-0.06663458196102667
346,-0.04833076073300868
347,-0.03948311076081934
348,-0.014002487903053584
349,-0.03133349688479403
350,-0.04259986112233394
351,-0.03566333339645922
352,-0.029203875214438568
353,-0.021781003830696477
354,-0.037899417104740984
355,-0.04482014921220712
356,-0.023190539898450213
357,-0.03650642364977752
358,-0.03918869144519399
359,-0.034746175483789554
360,-0.062010855805831766
361,-0.06439925172815475
362,-0.06748959063474924
363,-0.07935657748408287
364,-0.09120869002305043
365,-0.10549885750987964
366,-0.10797527767956405
367,-0.08866385280164057
368,-0.10071515121781871
369,-0.10443682881427241
370,-0.08136491009722835
371,-0.09754556975372963
372,-0.09940311825009485
373,-0.10403612537285112
374,-0.11601327102025938
375,-0.11339356243634824
376,-0.11930154889782152
377,-0.10068698678593446
378,-0.08152412367672202
379,-0.08693248046653501
380,-0.07082726484981361
381,-0.04843155746721206
382,-0.04980984306486946
383,-0.03116515866900771
384,-0.041330096977988506
385,-0.03683655501772798
386,-0.0209994849112215
387,-0.024773092767956473
388,-0.023430292292903165
389,-0.03043399800355384
390,-0.030494719851743124
391,-0.05482396288168134
392,-0.08755451689728833
393,-0.1043435389965105
394,-0.08830347478693013
395,-0.08240740696530313
396,-0.07564526147029571
397,-0.06613705126686875
398,-0.05380706869263652
399,-0.06454695299394597
400,-0.053151405945164765
401,-0.051407188316801244
402,-0.033143931461994014
403,-0.046929285648080965
404,-0.026364525084311974
405,-0.044818342162953884
406,-0.06276697855037927
407,-0.06946734996256554
408,-0.0644114587186474
409,-0.06293926223115243
410,-0.0533611325205553
411,-0.03728120809726887
412,-0.045741896932007364
413,-0.031846383772474174
414,-0.024699546553214935
415,-0.034234193314619965
416,-0.0472782424422129
417,-0.04541548193908451
418,-0.0500569841610653
419,-0.06962227572620938
420,-0.054332631705749646
421,-0.046811363562940356
422,-0.0801760053219236
423,-0.06934591345172803
424,-0.06852867775128146
425,-0.088753427680756
426,-0.09814335985964806
427,-0.10098572946508999
428,-0.10760865298903
429,-0.08925430978209958
430,-0.10964087382254095
431,-0.11676879259564366
432,-0.10421904022941775
433,-0.13041254861525364
434,-0.12757433545318186
435,-0.1176826516077526
436,-0.10073930722780955
437,-0.09489710159413534
438,-0.09271134781109291
439,-0.07212955790475517
440,-0.07467322303382073
441,-0.08188011729412148
442,-0.07287383930302693
443,-0.06358626963341085
444,-0.08164809369177739
445,-0.08653545070496038
446,-0.09838311767712626
447,-0.0847368389112324
448,-0.0841344537834573
449,-0.07233661642537148
450,-0.04407964489976479
451,-0.03213396876774588
452,-0.013977117943653194
453,-0.0029668334923990125
454,0.0
455,-0.02084651902007173
456,-0.008465399898169634
457,-0.009083945711301888
458,-0.006249934108729427
459,-0.022433019570960333
460,0.0
461,-0.005541231589620277
462,-0.015490995386046813
463,-0.012555678044244845
464,-0.016967560380455327
465,-0.01127116821500973
466,-0.016210297920069006
467,0.0
468,0.0
469,0.0
470,0.0
471,-0.025038381354947847
472,-0.03248573850509617
473,-0.04354512560002677
474,-0.06511744085984406
475,-0.04855563958737197
476,-0.02185806625840314
477,-0.009942123714129614
478,0.0
479,0.0
480,-0.0042416372224493015
481,0.0
482,-0.012539639192537755
483,-0.03117026284906077
484,-0.02627117831981607
485,-0.007403637565437826
486,0.0
487,0.0
488,0.0
489,0.0
490,-0.015373276829061311
491,-0.016585580039468195
492,-0.025581781700911854
493,-0.020832945326659913
494,-0.02335659305523885
495,-0.006996022068341712
496,-0.003776732961892071
497,-0.012899035220050425
498,-0.03429857300670247
499,-0.05793684750655925
500,-0.024168330799353988
501,-0.044092772790945256
502,-0.04674401128198724
503,-0.06385980407993197
504,-0.07698828641160227
505,-0.0704451537134283
506,-0.0732050659617467
507,-0.06685472914246138
508,-0.07334020187776347
509,-0.08844743280902079
510,-0.06911108958699197
511,-0.06656631242120437
512,-0.07914455708700574
513,-0.0641984856628457
514,-0.07138088575988832
515,-0.08933629880197902
516,-0.11200130891499982
517,-0.10936464218408459
518,-0.09758900389028746
519,-0.08774664933960818
520,-0.11294278227357124
521,-0.09934327659261077
522,-0.10629544967638549
523,-0.09316226472332545
524,-0.08008407732149558
525,-0.09900927836602935
526,-0.10793140597761197
527,-0.09541653813203976
528,-0.09357966887865332
529,-0.0885937317770169
530,-0.08228703050759101
531,-0.11003372921261478
532,-0.10153374909182444
533,-0.12676356171482273
534,-0.1525625760876509
535,-0.14649953067302346
536,-0.1623357553952165
537,-0.12936557775188895
538,-0.12338073760820611
539,-0.14412382913375632
540,-0.14291183388629936
541,-0.1584684705336269
542,-0.16651755270696877
543,-0.14436982290076938
544,-0.1482581925480626
545,-0.13615320132959352
546,-0.15437334441152872
547,-0.17041611689241642
548,-0.16355427634835384
549,-0.1252960653783678
550,-0.10102047782969192
551,-0.09465533332213427
552,-0.12455411560895302
553,-0.1443322406019918
554,-0.12852681470633087
555,-0.12359090367518988
556,-0.12692984842346766
557,-0.12649862924081678
558,-0.12254035020620924
559,-0.118260399495417
560,-0.11503588812155807
561,-0.1187768404354792
562,-0.10522301302208259
563,-0.08775316506762565
564,-0.07279845021519193
565,-0.06840966443377539
566,-0.06939012002667111
567,-0.06126708538856929
568,-0.062379229669492164
569,-0.054544082636248326
570,-0.046428955321860754
571,-0.04182248116091769
572,-0.03697882731774571
573,-0.0003018783220352095
574,-0.005850571314634956
575,-0.025220860956654434
576,-0.022272227244877096
577,-0.018643109906707145
578,-0.009721561980693183
579,0.0
580,0.0
581,-0.006378832820877034
582,-0.004735960127559169
583,-0.0061858750382024486
584,-0.006679710638684999
585,-0.01928216991720888
586,-0.02307024761256038
587,-0.004571183507783516
588,0.0
589,0.0
590,-0.013148835982466522
591,0.0
592,-0.0035103422091466996
593,-0.020473559574971545
594,-0.005372577438145898
595,-0.0036543147747568616
596,-0.012689224312976699
597,-0.0240020529814855
598,-0.031093676339898124
599,-0.02043434628432339
600,-0.005227492653732124
601,-0.006722496853768689
602,0.0
603,0.0
604,-0.016639232887061595
605,-0.021612270197109762
606,-0.048201540541205956
607,-0.04299398720302239
608,-0.01714133647178806
609,-0.030146212174628872
610,-0.012595799570759625
611,-0.01927697284454566
612,-0.0478974465270543
613,-0.04458770332506745
614,-0.042868454501116426
615,-0.03928753770649862
616,-0.038788948616572005
617,-0.06380045312475957
618,-0.0579612693728353
619,-0.04035000028718283
620,-0.03661819585973758
621,-0.015979592510695473
622,-0.010650437707254823
623,0.0
624,0.0
625,-0.024445166481667946
626,-0.019900510378763836
627,-0.021935451352808943
628,-0.034342381375535136
629,-0.023305739371395795
630,-0.004039756073789369
631,0.0
632,-0.020249481043234985
633,0.0
634,0.0
635,0.0
636,0.0
637,0.0
638,0.0
639,0.0
640,0.0
641,0.0
642,0.0
643,-0.009568265159821454
644,-0.008389778650717217
645,-0.012205954547028774
646,-0.03653598192390772
647,-0.024538376951720453
648,-0.029501060445969007
649,-0.030372278635556027
650,-0.009133617666085225
651,0.0
652,0.0
653,0.0
654,0.0
655,0.0
656,0.0
657,-0.004043254670694774
658,0.0
659,0.0
660,0.0
661,-0.014727657075929379
662,-0.026652156953445805
663,-0.028849136861298086
664,-0.01802549751256055
665,0.0
666,-0.0003815970334967167
667,0.0
668,0.0
669,-0.0007369862280469652
670,0.0
671,0.0
672,0.0
673,0.0
674,0.0
675,-0.0026103269307478083
676,0.0
677,-0.009218267542361658
678,-0.008646397177148879
679,-0.0052518007554002155
680,-0.0017808932911734798
681,0.0
682,0.0
683,-0.008847622637257468
684,-0.031290091089092975
685,-0.03076657235425062
686,-0.06200705943572715
687,-0.0650315887855365
688,-0.049574315842081385
689,-0.06664003692325726
690,-0.05324018218223403
691,-0.03772088263156492
692,-0.029390703136212615
693,-0.054301030355447866
694,-0.05188874442602054
695,-0.05487687463414481
696,-0.06675774383134447
697,-0.05937548804256576
698,-0.08175116693466378
699,-0.08301961301732497
700,-0.08211706178727995
701,-0.08532955877726045
702,-0.09924965425551402
703,-0.10070471612970056
704,-0.10800509799451363
705,-0.0993162577829837
706,-0.09776630445753076
707,-0.09147539469850752
708,-0.05223818084998577
709,-0.04829398380275374
710,-0.056990537047053924
711,-0.04564202875149448
712,-0.04861414673778741
713,-0.023733998751616414
714,-0.011749253363753986
715,0.0
716,0.0
717,-0.009097545147666697
718,-0.003717605874475005
719,0.0
720,0.0
721,0.0
722,0.0
723,-0.005463606570432544
724,0.0
725,0.0
726,0.0
727,0.0
728,0.0
729,-0.005770303158824985
730,-0.015036071606209123
731,-0.024874094504161892
732,-0.04475004163399421
733,-0.012944466099850116
734,-0.03107763734227187
735,-0.050018475988755196
736,-0.026699458990029235
737,-0.006449528876777744
738,-0.016465597553258937
739,-0.007284076299897135
740,-0.028436310902705597
741,-0.034545953169810906
742,-0.05064638260490606
743,-0.0396231606605294
744,-0.04468792756150275
745,-0.059551724714553944
746,-0.06121864696369772
747,-0.05236019164853345
748,-0.04828941273314036
749,-0.03127111336501831
750,-0.009201950229319245
751,-0.0036153379279043607
752,-0.009297459654089235
753,-0.02238615594857285
754,-0.011639944803454427
755,-0.0026350555039283963
