t,position,trade,turnover,transaction_cost
0,-0.14102579653595282,-0.14102579653595282,0.14102579653595282,2.8205159307190566e-05
1,-0.09795224475092665,0.04307355178502617,0.04307355178502617,8.614710357005234e-06
2,0.14725506841028302,0.24520731316120967,0.24520731316120967,4.904146263224194e-05
3,0.29135358060895555,0.14409851219867253,0.14409851219867253,2.881970243973451e-05
4,0.14696599575903604,-0.1443875848499195,0.1443875848499195,2.8877516969983903e-05
5,0.18921423906983406,0.04224824331079802,0.04224824331079802,8.449648662159603e-06
6,0.24850790782180474,0.059293668751970674,0.059293668751970674,1.1858733750394136e-05
7,0.4555549880168261,0.20704708019502135,0.20704708019502135,4.1409416039004276e-05
8,0.7180410319376671,0.262486043920841,0.262486043920841,5.2497208784168206e-05
9,0.5904134864345125,-0.12762754550315458,0.12762754550315458,2.552550910063092e-05
10,0.556638613834273,-0.03377487260023948,0.03377487260023948,6.754974520047897e-06
11,0.6880347644753104,0.13139615064103738,0.13139615064103738,2.6279230128207476e-05
12,0.8925562970501149,0.20452153257480443,0.20452153257480443,4.090430651496089e-05
13,0.8425114351904456,-0.050044861859669276,0.050044861859669276,1.0008972371933856e-05
14,0.9791126373956273,0.13660120220518168,0.13660120220518168,2.7320240441036336e-05
15,0.7145493087587126,-0.2645633286369147,0.2645633286369147,5.291266572738294e-05
16,0.5834467456389867,-0.1311025631197259,0.1311025631197259,2.622051262394518e-05
17,0.4828056325431763,-0.10064111309581036,0.10064111309581036,2.0128222619162075e-05
18,0.43686281961721846,-0.045942812925957865,0.045942812925957865,9.188562585191573e-06
19,0.3771229544313896,-0.059739865185828855,0.059739865185828855,1.1947973037165772e-05
20,0.2256138948058006,-0.151509059625589,0.151509059625589,3.0301811925117803e-05
21,0.09080493126874686,-0.13480896353705374,0.13480896353705374,2.6961792707410748e-05
22,0.07445178511129898,-0.016353146157447887,0.016353146157447887,3.2706292314895778e-06
23,0.1839348814630887,0.10948309635178972,0.10948309635178972,2.1896619270357946e-05
24,0.26409513519711963,0.08016025373403093,0.08016025373403093,1.6032050746806187e-05
25,0.3373780956299641,0.07328296043284449,0.07328296043284449,1.46565920865689e-05
26,0.30804300102650223,-0.029335094603461898,0.029335094603461898,5.86701892069238e-06
27,0.40750726340911875,0.09946426238261652,0.09946426238261652,1.9892852476523303e-05
28,0.6182945650995708,0.21078730169045207,0.21078730169045207,4.215746033809042e-05
29,0.39379471614605277,-0.22449984895351804,0.22449984895351804,4.489996979070361e-05
30,0.5103576234240537,0.1165629072780009,0.1165629072780009,2.331258145560018e-05
31,0.370939287095466,-0.1394183363285877,0.1394183363285877,2.7883667265717537e-05
32,0.040373081696754076,-0.3305662053987119,0.3305662053987119,6.611324107974239e-05
33,-0.12033712512190947,-0.16071020681866355,0.16071020681866355,3.214204136373271e-05
34,-0.00625345525390518,0.11408366986800429,0.11408366986800429,2.281673397360086e-05
35,-0.0643349502480248,-0.05808149499411962,0.05808149499411962,1.1616298998823923e-05
36,-0.008189332968558373,0.056145617279466424,0.056145617279466424,1.1229123455893285e-05
37,-0.20488243949351148,-0.19669310652495312,0.19669310652495312,3.9338621304990625e-05
38,-0.3680312205197285,-0.163148781026217,0.163148781026217,3.26297562052434e-05
39,-0.30660032518291813,0.06143089533681034,0.06143089533681034,1.2286179067362069e-05
40,-0.15701592192995972,0.1495844032529584,0.1495844032529584,2.9916880650591682e-05
41,-0.38784245421425084,-0.23082653228429112,0.23082653228429112,4.6165306456858224e-05
42,-0.5926823886511067,-0.20483993443685583,0.20483993443685583,4.096798688737117e-05
43,-0.15667753554106012,0.43600485311004655,0.43600485311004655,8.720097062200931e-05
44,-0.36705479032946864,-0.21037725478840852,0.21037725478840852,4.2075450957681705e-05
45,-0.43423782260802435,-0.06718303227855571,0.06718303227855571,1.3436606455711143e-05
46,-0.612916564306354,-0.17867874169832965,0.17867874169832965,3.573574833966593e-05
47,-0.7206276802602866,-0.10771111595393257,0.10771111595393257,2.1542223190786516e-05
48,-0.7342458914049228,-0.013618211144636239,0.013618211144636239,2.7236422289272477e-06
49,-0.8948807610053467,-0.16063486960042395,0.16063486960042395,3.212697392008479e-05
50,-0.975255957670214,-0.08037519666486725,0.08037519666486725,1.607503933297345e-05
51,-1.0,-0.024744042329785998,0.024744042329785998,4.9488084659572e-06
52,-0.9360236518914198,0.06397634810858022,0.06397634810858022,1.2795269621716043e-05
53,-0.7617247337401494,0.1742989181512704,0.1742989181512704,3.485978363025408e-05
54,-0.7330715267519472,0.028653206988202173,0.028653206988202173,5.730641397640435e-06
55,-0.9757948787024755,-0.2427233519505283,0.2427233519505283,4.854467039010566e-05
56,-0.9035590451479913,0.07223583355448415,0.07223583355448415,1.4447166710896831e-05
57,-0.9159985485927687,-0.0124395034447774,0.0124395034447774,2.48790068895548e-06
58,-1.0,-0.08400145140723125,0.08400145140723125,1.680029028144625e-05
59,-1.0,0.0,0.0,0.0
60,-1.0,0.0,0.0,0.0
61,-0.9945865641372763,0.005413435862723692,0.005413435862723692,1.0826871725447384e-06
62,-1.0,-0.005413435862723692,0.005413435862723692,1.0826871725447384e-06
63,-1.0,0.0,0.0,0.0
64,-0.9682892846275992,0.03171071537240078,0.03171071537240078,6.342143074480156e-06
65,-0.9305666447609525,0.0377226398666467,0.0377226398666467,7.544527973329341e-06
66,-0.740604678441858,0.18996196631909457,0.18996196631909457,3.7992393263818914e-05
67,-0.7026982361770291,0.037906442264828866,0.037906442264828866,7.581288452965773e-06
68,-0.9116446920744806,-0.20894645589745153,0.20894645589745153,4.178929117949031e-05
69,-0.9343592810968346,-0.022714589022354015,0.022714589022354015,4.542917804470803e-06
70,-1.0,-0.06564071890316536,0.06564071890316536,1.3128143780633074e-05
71,-1.0,0.0,0.0,0.0
72,-0.87747202552562,0.12252797447438002,0.12252797447438002,2.4505594894876006e-05
73,-1.0,-0.12252797447438002,0.12252797447438002,2.4505594894876006e-05
74,-1.0,0.0,0.0,0.0
75,-1.0,0.0,0.0,0.0
76,-1.0,0.0,0.0,0.0
77,-0.9726384822705747,0.0273615177294253,0.0273615177294253,5.47230354588506e-06
78,-1.0,-0.0273615177294253,0.0273615177294253,5.47230354588506e-06
79,-1.0,0.0,0.0,0.0
80,-0.8231582246892656,0.17684177531073442,0.17684177531073442,3.5368355062146884e-05
81,-0.8090799972201979,0.014078227469067728,0.014078227469067728,2.815645493813546e-06
82,-0.7098306360916555,0.09924936112854232,0.09924936112854232,1.9849872225708464e-05
83,-0.6952340678087547,0.01459656828290079,0.01459656828290079,2.9193136565801584e-06
84,-0.5883325899075105,0.10690147790124427,0.10690147790124427,2.1380295580248854e-05
85,-0.7979876537824411,-0.2096550638749306,0.2096550638749306,4.193101277498612e-05
86,-0.7977235441014198,0.0002641096810213073,0.0002641096810213073,5.282193620426146e-08
87,-0.8832032534870199,-0.08547970938560012,0.08547970938560012,1.7095941877120024e-05
88,-0.8352502935347887,0.047952959952231144,0.047952959952231144,9.59059199044623e-06
89,-0.8771574008847887,-0.04190710734999992,0.04190710734999992,8.381421469999983e-06
90,-1.0,-0.12284259911521134,0.12284259911521134,2.456851982304227e-05
91,-1.0,0.0,0.0,0.0
92,-0.9315606068863629,0.06843939311363711,0.06843939311363711,1.3687878622727423e-05
93,-0.9405854578415762,-0.009024850955213326,0.009024850955213326,1.8049701910426653e-06
94,-0.7386711012169259,0.2019143566246503,0.2019143566246503,4.038287132493006e-05
95,-0.7245353400684759,0.014135761148450054,0.014135761148450054,2.827152229690011e-06
96,-0.8794675936525573,-0.15493225358408147,0.15493225358408147,3.09864507168163e-05
97,-0.9044105859207274,-0.024942992268170094,0.024942992268170094,4.988598453634019e-06
98,-1.0,-0.09558941407927257,0.09558941407927257,1.9117882815854514e-05
99,-1.0,0.0,0.0,0.0
100,-1.0,0.0,0.0,0.0
101,-1.0,0.0,0.0,0.0
102,-0.97667108719342,0.023328912806580004,0.023328912806580004,4.665782561316001e-06
103,-0.8408289372400382,0.13584214995338184,0.13584214995338184,2.716842999067637e-05
104,-0.7128914546151153,0.12793748262492288,0.12793748262492288,2.5587496524984577e-05
105,-0.8691565005509765,-0.1562650459358612,0.1562650459358612,3.125300918717224e-05
106,-0.7687291902962614,0.10042731025471507,0.10042731025471507,2.0085462050943017e-05
107,-0.7896954380369785,-0.020966247740717092,0.020966247740717092,4.1932495481434184e-06
108,-0.6462937585684121,0.1434016794685664,0.1434016794685664,2.8680335893713285e-05
109,-0.6197069633207125,0.02658679524769958,0.02658679524769958,5.317359049539916e-06
110,-0.7926076385715921,-0.1729006752508796,0.1729006752508796,3.458013505017592e-05
111,-0.8875200539472099,-0.09491241537561779,0.09491241537561779,1.898248307512356e-05
112,-0.7363401032380821,0.15117995070912782,0.15117995070912782,3.0235990141825566e-05
113,-0.6838859006647405,0.052454202573341546,0.052454202573341546,1.049084051466831e-05
114,-0.8027857068577524,-0.11889980619301188,0.11889980619301188,2.3779961238602377e-05
115,-0.9737199940532839,-0.1709342871955315,0.1709342871955315,3.41868574391063e-05
116,-1.0,-0.02628000594671609,0.02628000594671609,5.256001189343218e-06
117,-1.0,0.0,0.0,0.0
118,-0.9363787632254423,0.06362123677455767,0.06362123677455767,1.2724247354911534e-05
119,-0.7719951138079973,0.164383649417445,0.164383649417445,3.2876729883489e-05
120,-1.0,-0.22800488619200265,0.22800488619200265,4.560097723840053e-05
121,-1.0,0.0,0.0,0.0
122,-1.0,0.0,0.0,0.0
123,-0.9892195047460862,0.01078049525391378,0.01078049525391378,2.156099050782756e-06
124,-0.987086332837883,0.0021331719082031686,0.0021331719082031686,4.2663438164063374e-07
125,-0.8016362288969766,0.18545010394090644,0.18545010394090644,3.709002078818129e-05
126,-1.0,-0.1983637711030234,0.1983637711030234,3.967275422060468e-05
127,-0.8985407428279193,0.10145925717208071,0.10145925717208071,2.029185143441614e-05
128,-1.0,-0.10145925717208071,0.10145925717208071,2.029185143441614e-05
129,-0.9611598581010785,0.03884014189892149,0.03884014189892149,7.768028379784297e-06
130,-0.8381503122863355,0.123009545814743,0.123009545814743,2.46019091629486e-05
131,-0.6916316321056097,0.14651868018072578,0.14651868018072578,2.9303736036145156e-05
132,-0.7058564376707619,-0.014224805565152154,0.014224805565152154,2.844961113030431e-06
133,-0.38892879250695506,0.31692764516380684,0.31692764516380684,6.338552903276137e-05
134,-0.4658333703856442,-0.07690457787868915,0.07690457787868915,1.538091557573783e-05
135,-0.311201831004512,0.15463153938113222,0.15463153938113222,3.092630787622645e-05
136,-0.05946849765053924,0.25173333335397274,0.25173333335397274,5.034666667079455e-05
137,0.13009396153168762,0.18956245918222686,0.18956245918222686,3.7912491836445376e-05
138,0.26316882966978516,0.13307486813809755,0.13307486813809755,2.661497362761951e-05
139,0.5039665210060801,0.24079769133629492,0.24079769133629492,4.815953826725898e-05
140,0.406012108353562,-0.09795441265251809,0.09795441265251809,1.959088253050362e-05
141,0.4515650496715345,0.045552941317972495,0.045552941317972495,9.1105882635945e-06
142,0.56312362747819,0.11155857780665551,0.11155857780665551,2.2311715561331102e-05
143,0.5960444232025964,0.032920795724406426,0.032920795724406426,6.584159144881286e-06
144,0.5589237100969727,-0.037120713105623704,0.037120713105623704,7.424142621124741e-06
145,0.47231240656745926,-0.08661130352951346,0.08661130352951346,1.7322260705902692e-05
146,0.7927598600606726,0.3204474534932133,0.3204474534932133,6.408949069864266e-05
147,0.7088710383743184,-0.08388882168635414,0.08388882168635414,1.677776433727083e-05
148,0.6364244748946988,-0.07244656347961964,0.07244656347961964,1.448931269592393e-05
149,0.9242256064758332,0.2878011315811344,0.2878011315811344,5.7560226316226885e-05
150,0.9232455452338829,-0.0009800612419502697,0.0009800612419502697,1.9601224839005396e-07
151,0.9755247914720292,0.05227924623814628,0.05227924623814628,1.0455849247629257e-05
152,1.0,0.024475208527970804,0.024475208527970804,4.895041705594161e-06
153,1.0,0.0,0.0,0.0
154,1.0,0.0,0.0,0.0
155,0.8578368479286063,-0.14216315207139374,0.14216315207139374,2.843263041427875e-05
156,1.0,0.14216315207139374,0.14216315207139374,2.843263041427875e-05
157,1.0,0.0,0.0,0.0
158,1.0,0.0,0.0,0.0
159,1.0,0.0,0.0,0.0
160,1.0,0.0,0.0,0.0
161,0.8479404700178996,-0.15205952998210037,0.15205952998210037,3.0411905996420075e-05
162,0.6479578793186689,-0.19998259069923074,0.19998259069923074,3.999651813984615e-05
163,0.7646397457840224,0.1166818664653535,0.1166818664653535,2.33363732930707e-05
164,0.6779073931919231,-0.08673235259209933,0.08673235259209933,1.7346470518419866e-05
165,0.7462351814465844,0.06832778825466135,0.06832778825466135,1.366555765093227e-05
166,0.5048333506126668,-0.24140183083391764,0.24140183083391764,4.828036616678353e-05
167,0.38211679481571076,-0.122716555796956,0.122716555796956,2.4543311159391203e-05
168,0.27751526762069667,-0.10460152719501409,0.10460152719501409,2.0920305439002818e-05
169,0.25450803275942524,-0.02300723486127143,0.02300723486127143,4.601446972254286e-06
170,0.37709595698246784,0.1225879242230426,0.1225879242230426,2.4517584844608522e-05
171,0.3514009513556845,-0.02569500562678334,0.02569500562678334,5.139001125356669e-06
172,0.4106885891172294,0.05928763776154489,0.05928763776154489,1.1857527552308979e-05
173,0.545700866337326,0.13501227722009657,0.13501227722009657,2.7002455444019314e-05
174,0.40675501898024735,-0.1389458473570786,0.1389458473570786,2.7789169471415723e-05
175,0.34231888375050423,-0.06443613522974312,0.06443613522974312,1.2887227045948625e-05
176,0.45224698469981345,0.10992810094930922,0.10992810094930922,2.1985620189861845e-05
177,0.43466177139787665,-0.017585213301936797,0.017585213301936797,3.5170426603873597e-06
178,0.27084070571971375,-0.1638210656781629,0.1638210656781629,3.276421313563258e-05
179,0.38223086545074525,0.1113901597310315,0.1113901597310315,2.2278031946206303e-05
180,0.565939238726038,0.18370837327529277,0.18370837327529277,3.674167465505856e-05
181,0.8824000323745511,0.3164607936485131,0.3164607936485131,6.329215872970262e-05
182,0.8400083778811646,-0.042391654493386555,0.042391654493386555,8.478330898677312e-06
183,0.6490522782620661,-0.19095609961909843,0.19095609961909843,3.819121992381969e-05
184,0.672162945001459,0.023110666739392882,0.023110666739392882,4.622133347878577e-06
185,0.7532271763966399,0.08106423139518093,0.08106423139518093,1.6212846279036188e-05
186,0.946005769454747,0.19277859305810707,0.19277859305810707,3.8555718611621414e-05
187,0.8055030290928687,-0.14050274036187826,0.14050274036187826,2.8100548072375653e-05
188,1.0,0.19449697090713125,0.19449697090713125,3.889939418142625e-05
189,1.0,0.0,0.0,0.0
190,0.8839064063887299,-0.11609359361127014,0.11609359361127014,2.3218718722254028e-05
191,0.9445457061513822,0.060639299762652366,0.060639299762652366,1.2127859952530473e-05
192,1.0,0.055454293848617775,0.055454293848617775,1.1090858769723555e-05
193,0.8385483638083493,-0.1614516361916507,0.1614516361916507,3.229032723833014e-05
194,0.6658770086976411,-0.1726713551107082,0.1726713551107082,3.453427102214164e-05
195,0.7197821801925701,0.053905171494929016,0.053905171494929016,1.0781034298985804e-05
196,1.0,0.2802178198074299,0.2802178198074299,5.6043563961485976e-05
197,1.0,0.0,0.0,0.0
198,0.9975702232479404,-0.002429776752059576,0.002429776752059576,4.859553504119152e-07
199,0.9696438393500114,-0.027926383897929008,0.027926383897929008,5.5852767795858015e-06
200,1.0,0.030356160649988584,0.030356160649988584,6.071232129997717e-06
201,1.0,0.0,0.0,0.0
202,0.9594062291989209,-0.040593770801079065,0.040593770801079065,8.118754160215813e-06
203,0.9511359891809034,-0.008270240018017572,0.008270240018017572,1.6540480036035145e-06
204,1.0,0.04886401081909664,0.04886401081909664,9.772802163819328e-06
205,1.0,0.0,0.0,0.0
206,1.0,0.0,0.0,0.0
207,1.0,0.0,0.0,0.0
208,1.0,0.0,0.0,0.0
209,1.0,0.0,0.0,0.0
210,0.7047287666982887,-0.29527123330171134,0.29527123330171134,5.905424666034227e-05
211,0.7614262657045705,0.05669749900628185,0.05669749900628185,1.133949980125637e-05
212,1.0,0.2385737342954295,0.2385737342954295,4.77147468590859e-05
213,1.0,0.0,0.0,0.0
214,0.7850924376632122,-0.21490756233678776,0.21490756233678776,4.298151246735755e-05
215,0.6785447264736804,-0.10654771118953188,0.10654771118953188,2.1309542237906376e-05
216,0.8750484601498172,0.19650373367613683,0.19650373367613683,3.930074673522737e-05
217,0.7796459318297589,-0.09540252832005824,0.09540252832005824,1.908050566401165e-05
218,0.9437775044229367,0.1641315725931778,0.1641315725931778,3.282631451863556e-05
219,0.8742047523269245,-0.06957275209601221,0.06957275209601221,1.3914550419202444e-05
220,0.8752753043432544,0.0010705520163298843,0.0010705520163298843,2.1411040326597688e-07
221,0.8019202575007951,-0.0733550468424593,0.0733550468424593,1.4671009368491862e-05
222,0.608185412495699,-0.19373484500509608,0.19373484500509608,3.874696900101922e-05
223,0.5612273399781823,-0.046958072517516714,0.046958072517516714,9.391614503503343e-06
224,0.27330893149867796,-0.28791840847950434,0.28791840847950434,5.7583681695900874e-05
225,0.3402190146119449,0.06691008311326696,0.06691008311326696,1.3382016622653393e-05
226,0.32214074819967686,-0.018078266412268063,0.018078266412268063,3.6156532824536125e-06
227,0.3271343580260897,0.004993609826412837,0.004993609826412837,9.987219652825675e-07
228,0.15468517151432448,-0.17244918651176522,0.17244918651176522,3.448983730235304e-05
229,-0.1052050510122653,-0.2598902225265898,0.2598902225265898,5.197804450531796e-05
230,0.00523481313099497,0.11043986414326026,0.11043986414326026,2.2087972828652054e-05
231,0.5095726670197669,0.504337853888772,0.504337853888772,0.00010086757077775439
232,0.706732506783299,0.19715983976353213,0.19715983976353213,3.943196795270643e-05
233,0.923287675221189,0.21655516843789002,0.21655516843789002,4.331103368757801e-05
234,1.0,0.07671232477881096,0.07671232477881096,1.534246495576219e-05
235,1.0,0.0,0.0,0.0
236,0.9294925014438035,-0.07050749855619654,0.07050749855619654,1.4101499711239308e-05
237,0.949326904926498,0.019834403482694496,0.019834403482694496,3.9668806965389e-06
238,0.9082828734467372,-0.04104403147976077,0.04104403147976077,8.208806295952155e-06
239,0.8586970818449862,-0.04958579160175103,0.04958579160175103,9.917158320350206e-06
240,0.8958575477916738,0.03716046594668765,0.03716046594668765,7.43209318933753e-06
241,0.8660872711188558,-0.029770276672818063,0.029770276672818063,5.954055334563613e-06
242,0.7859111089948566,-0.08017616212399914,0.08017616212399914,1.603523242479983e-05
243,0.4900112170266265,-0.29589989196823013,0.29589989196823013,5.917997839364603e-05
244,0.580511542790429,0.09050032576380257,0.09050032576380257,1.8100065152760516e-05
245,0.564194343579073,-0.016317199211355993,0.016317199211355993,3.2634398422711986e-06
246,0.6933884610700057,0.12919411749093268,0.12919411749093268,2.5838823498186538e-05
247,0.4232120527426782,-0.27017640832732753,0.27017640832732753,5.403528166546551e-05
248,0.5251782381212498,0.10196618537857155,0.10196618537857155,2.039323707571431e-05
249,0.4971517117240331,-0.028026526397216645,0.028026526397216645,5.605305279443329e-06
250,0.6428580006800289,0.14570628895599574,0.14570628895599574,2.9141257791199152e-05
251,0.8543778235645597,0.21151982288453086,0.21151982288453086,4.230396457690617e-05
252,0.7508691265625532,-0.10350869700200649,0.10350869700200649,2.07017394004013e-05
253,0.8189191665913198,0.06805004002876658,0.06805004002876658,1.3610008005753316e-05
254,0.6919558760490422,-0.12696329054227762,0.12696329054227762,2.5392658108455525e-05
255,0.7753014318232171,0.0833455557741749,0.0833455557741749,1.6669111154834983e-05
256,0.7316205856420402,-0.04368084618117685,0.04368084618117685,8.73616923623537e-06
257,0.7092399141080605,-0.022380671533979712,0.022380671533979712,4.476134306795942e-06
258,0.559675844068872,-0.14956407003918848,0.14956407003918848,2.99128140078377e-05
259,0.5830375729963465,0.023361728927474457,0.023361728927474457,4.672345785494891e-06
260,0.6117331678224794,0.02869559482613293,0.02869559482613293,5.739118965226586e-06
261,0.7645436434320626,0.15281047560958316,0.15281047560958316,3.056209512191663e-05
262,0.5537430826924118,-0.2108005607396508,0.2108005607396508,4.2160112147930167e-05
263,0.3415049231016001,-0.21223815959081171,0.21223815959081171,4.2447631918162344e-05
264,0.3751674684986425,0.03366254539704244,0.03366254539704244,6.732509079408489e-06
265,0.3163681974296414,-0.058799271069001124,0.058799271069001124,1.1759854213800225e-05
266,-0.01860990768439852,-0.3349781051140399,0.3349781051140399,6.699562102280799e-05
267,-0.08169444413961333,-0.0630845364552148,0.0630845364552148,1.2616907291042962e-05
268,-0.11742032376284342,-0.035725879623230095,0.035725879623230095,7.1451759246460194e-06
269,-0.17663790043043956,-0.05921757666759614,0.05921757666759614,1.1843515333519228e-05
270,-0.14803600716355986,0.028601893266879702,0.028601893266879702,5.720378653375941e-06
271,0.0011539833720330128,0.14918999053559287,0.14918999053559287,2.9837998107118574e-05
272,0.2217512558860032,0.22059727251397018,0.22059727251397018,4.411945450279404e-05
273,0.35178285626535055,0.13003160037934736,0.13003160037934736,2.6006320075869473e-05
274,0.48921042043495766,0.1374275641696071,0.1374275641696071,2.7485512833921422e-05
275,0.23303561162066344,-0.2561748088142942,0.2561748088142942,5.1234961762858845e-05
276,0.24613059304282967,0.013094981422166224,0.013094981422166224,2.618996284433245e-06
277,0.19475992733213618,-0.051370665710693486,0.051370665710693486,1.0274133142138697e-05
278,0.025876371437886736,-0.16888355589424944,0.16888355589424944,3.377671117884989e-05
279,0.06634944323939726,0.040473071801510524,0.040473071801510524,8.094614360302105e-06
280,0.01943599673692984,-0.04691344650246742,0.04691344650246742,9.382689300493484e-06
281,-0.08026677454387313,-0.09970277128080296,0.09970277128080296,1.9940554256160593e-05
282,0.16699633966066946,0.24726311420454258,0.24726311420454258,4.945262284090852e-05
283,-0.16284039906084352,-0.329836738721513,0.329836738721513,6.596734774430259e-05
284,-0.4326182745176013,-0.2697778754567578,0.2697778754567578,5.395557509135156e-05
285,-0.32807984817253183,0.10453842634506949,0.10453842634506949,2.09076852690139e-05
286,-0.3694344743310659,-0.04135462615853408,0.04135462615853408,8.270925231706817e-06
287,-0.24722447229357036,0.12221000203749555,0.12221000203749555,2.4442000407499112e-05
288,-0.30249507856811864,-0.05527060627454827,0.05527060627454827,1.1054121254909655e-05
289,-0.1478126776206549,0.15468240094746374,0.15468240094746374,3.093648018949275e-05
290,-0.14273917512152717,0.005073502499127719,0.005073502499127719,1.0147004998255437e-06
291,-0.11073691223980414,0.03200226288172303,0.03200226288172303,6.400452576344607e-06
292,-0.11272520421436642,-0.0019882919745622812,0.0019882919745622812,3.9765839491245626e-07
293,-0.26191311999883593,-0.1491879157844695,0.1491879157844695,2.98375831568939e-05
294,-0.22126129736352565,0.04065182263531028,0.04065182263531028,8.130364527062056e-06
295,-0.18081272555328753,0.040448571810238115,0.040448571810238115,8.089714362047623e-06
296,-0.20163900729365508,-0.020826281740367547,0.020826281740367547,4.16525634807351e-06
297,-0.1701098671551335,0.031529140138521594,0.031529140138521594,6.305828027704319e-06
298,-0.1847919060561493,-0.014682038901015826,0.014682038901015826,2.9364077802031653e-06
299,0.009066363686802498,0.1938582697429518,0.1938582697429518,3.8771653948590366e-05
300,0.029377805730256848,0.02031144204345435,0.02031144204345435,4.06228840869087e-06
301,-0.13200622526025735,-0.16138403099051418,0.16138403099051418,3.227680619810284e-05
302,0.03328377149309131,0.16528999675334866,0.16528999675334866,3.3057999350669734e-05
303,-0.15891824456026366,-0.19220201605335496,0.19220201605335496,3.844040321067099e-05
304,-0.024140242793910416,0.13477800176635324,0.13477800176635324,2.695560035327065e-05
305,-0.044763618382555354,-0.020623375588644938,0.020623375588644938,4.124675117728988e-06
306,-0.0018701128298841893,0.042893505552671164,0.042893505552671164,8.578701110534233e-06
307,-0.2277900201286676,-0.2259199072987834,0.2259199072987834,4.518398145975668e-05
308,-0.31019359687781123,-0.08240357674914364,0.08240357674914364,1.6480715349828728e-05
309,-0.19641307257526253,0.1137805243025487,0.1137805243025487,2.275610486050974e-05
310,-0.24273132114987578,-0.04631824857461325,0.04631824857461325,9.263649714922651e-06
311,-0.22597498379559955,0.01675633735427623,0.01675633735427623,3.351267470855246e-06
312,-0.341238707684696,-0.11526372388909645,0.11526372388909645,2.305274477781929e-05
313,0.018211804578891544,0.35945051226358754,0.35945051226358754,7.189010245271751e-05
314,0.17639211706242636,0.1581803124835348,0.1581803124835348,3.163606249670697e-05
315,0.11729656555496831,-0.059095551507458044,0.059095551507458044,1.1819110301491609e-05
316,-0.08502426556055079,-0.2023208311155191,0.2023208311155191,4.046416622310382e-05
317,-0.1683783867134648,-0.08335412115291402,0.08335412115291402,1.6670824230582804e-05
318,-0.2241273090747457,-0.0557489223612809,0.0557489223612809,1.114978447225618e-05
319,-0.11726893846828672,0.10685837060645899,0.10685837060645899,2.1371674121291797e-05
320,-0.23492334188866978,-0.11765440342038307,0.11765440342038307,2.3530880684076616e-05
321,-0.163539355710711,0.0713839861779588,0.0713839861779588,1.427679723559176e-05
322,-0.36386414852933924,-0.20032479281862825,0.20032479281862825,4.006495856372565e-05
323,-0.12958248494138427,0.23428166358795496,0.23428166358795496,4.685633271759099e-05
324,0.08441106488113168,0.21399354982251595,0.21399354982251595,4.2798709964503195e-05
325,0.12231665392960882,0.03790558904847714,0.03790558904847714,7.581117809695429e-06
326,0.22556092453380627,0.10324427060419746,0.10324427060419746,2.064885412083949e-05
327,0.11280080102355047,-0.1127601235102558,0.1127601235102558,2.2552024702051162e-05
328,0.32315711742131076,0.21035631639776028,0.21035631639776028,4.207126327955206e-05
329,0.41837722354900486,0.0952201061276941,0.0952201061276941,1.9044021225538823e-05
330,0.43379295438466514,0.01541573083566028,0.01541573083566028,3.083146167132056e-06
331,0.6037599173955327,0.16996696301086756,0.16996696301086756,3.3993392602173514e-05
332,0.3787930451319115,-0.22496687226362122,0.22496687226362122,4.499337445272425e-05
333,0.1195971168137201,-0.2591959283181914,0.2591959283181914,5.183918566363828e-05
334,0.10965594104176415,-0.00994117577195594,0.00994117577195594,1.9882351543911883e-06
335,0.2647178298996712,0.15506188885790703,0.15506188885790703,3.1012377771581406e-05
336,0.2575671187211841,-0.00715071117848709,0.00715071117848709,1.4301422356974182e-06
337,0.550241040429658,0.29267392170847395,0.29267392170847395,5.8534784341694795e-05
338,0.6664259193719271,0.11618487894226903,0.11618487894226903,2.323697578845381e-05
339,0.8870809790872032,0.2206550597152761,0.2206550597152761,4.413101194305522e-05
340,1.0,0.11291902091279682,0.11291902091279682,2.2583804182559364e-05
341,0.7348122425796785,-0.2651877574203215,0.2651877574203215,5.303755148406431e-05
342,0.5670445697162494,-0.16776767286342908,0.16776767286342908,3.3553534572685816e-05
343,0.4096579081087208,-0.15738666160752857,0.15738666160752857,3.147733232150571e-05
344,0.3637979718825643,-0.04585993622615653,0.04585993622615653,9.171987245231306e-06
345,0.11132088299466997,-0.25247708888789433,0.25247708888789433,5.0495417777578866e-05
346,0.3173872443212562,0.20606636132658623,0.20606636132658623,4.1213272265317245e-05
347,-0.016180251224823083,-0.3335674955460793,0.3335674955460793,6.671349910921585e-05
348,0.03137688899072732,0.0475571402155504,0.0475571402155504,9.51142804311008e-06
349,-0.16034997708848867,-0.191726866079216,0.191726866079216,3.83453732158432e-05
350,-0.12501274550963246,0.03533723157885621,0.03533723157885621,7.067446315771242e-06
351,-0.15246414925296756,-0.0274514037433351,0.0274514037433351,5.4902807486670205e-06
352,-0.02959283856032427,0.12287131069264329,0.12287131069264329,2.457426213852866e-05
353,0.01630312641277224,0.04589596497309651,0.04589596497309651,9.179192994619302e-06
354,-0.19495337658987158,-0.21125650300264381,0.21125650300264381,4.225130060052876e-05
355,-0.36030626433157004,-0.16535288774169846,0.16535288774169846,3.307057754833969e-05
356,-0.02087675579737852,0.3394295085341915,0.3394295085341915,6.788590170683831e-05
357,0.23378543793248385,0.2546621937298624,0.2546621937298624,5.0932438745972475e-05
358,0.2256322319296402,-0.008153206002843666,0.008153206002843666,1.6306412005687333e-06
359,0.3321944054300179,0.1065621735003777,0.1065621735003777,2.131243470007554e-05
360,0.3930384290896304,0.0608440236596125,0.0608440236596125,1.21688047319225e-05
361,0.30732856375740153,-0.08570986533222885,0.08570986533222885,1.714197306644577e-05
362,0.26636847587057844,-0.04096008788682309,0.04096008788682309,8.192017577364618e-06
363,0.2874467687658863,0.021078292895307882,0.021078292895307882,4.215658579061577e-06
364,0.30860284449853626,0.021156075732649937,0.021156075732649937,4.231215146529988e-06
365,0.4786053675036702,0.17000252300513397,0.17000252300513397,3.4000504601026795e-05
366,0.49367581152634343,0.015070444022673213,0.015070444022673213,3.0140888045346427e-06
367,0.6054811216334617,0.11180531010711825,0.11180531010711825,2.236106202142365e-05
368,0.5078410156546085,-0.0976401059788532,0.0976401059788532,1.952802119577064e-05
369,0.45324577226843177,-0.05459524338617672,0.05459524338617672,1.0919048677235343e-05
370,0.3177463538176558,-0.13549941845077595,0.13549941845077595,2.7099883690155193e-05
371,0.3744826772050855,0.05673632338742968,0.05673632338742968,1.1347264677485935e-05
372,-0.007555998522213669,-0.38203867572729916,0.38203867572729916,7.640773514545984e-05
373,0.025912053946403453,0.03346805246861712,0.03346805246861712,6.693610493723425e-06
374,-0.08803183196984715,-0.1139438859162506,0.1139438859162506,2.278877718325012e-05
375,-0.04253448810006756,0.04549734386977959,0.04549734386977959,9.099468773955919e-06
376,-0.0037399530720406138,0.03879453502802695,0.03879453502802695,7.75890700560539e-06
377,-0.028916944853549297,-0.025176991781508683,0.025176991781508683,5.035398356301737e-06
378,0.2656002727588697,0.294517217612419,0.294517217612419,5.89034435224838e-05
379,0.4177287019914431,0.15212842923257336,0.15212842923257336,3.0425685846514673e-05
380,0.29210794117490124,-0.12562076081654183,0.12562076081654183,2.5124152163308367e-05
381,0.3576305295194585,0.06552258834455726,0.06552258834455726,1.3104517668911454e-05
382,0.45279573223742686,0.09516520271796836,0.09516520271796836,1.9033040543593672e-05
383,0.8077953421072666,0.3549996098698397,0.3549996098698397,7.099992197396794e-05
384,0.6008530655040436,-0.20694227660322295,0.20694227660322295,4.1388455320644595e-05
385,0.6776210503394743,0.07676798483543068,0.07676798483543068,1.5353596967086136e-05
386,0.5974424110804648,-0.08017863925900948,0.08017863925900948,1.6035727851801895e-05
387,0.5645826533907624,-0.032859757689702396,0.032859757689702396,6.571951537940479e-06
388,0.6713917308203791,0.10680907742961665,0.10680907742961665,2.136181548592333e-05
389,0.7055448195784302,0.03415308875805112,0.03415308875805112,6.8306177516102246e-06
390,0.8059268898952071,0.10038207031677693,0.10038207031677693,2.0076414063355386e-05
391,0.7694824654837342,-0.03644442441147289,0.03644442441147289,7.2888848822945775e-06
392,0.666774026468949,-0.10270843901478521,0.10270843901478521,2.0541687802957044e-05
393,0.29933433661300685,-0.36743968985594216,0.36743968985594216,7.348793797118844e-05
394,0.06888996459719265,-0.2304443720158142,0.2304443720158142,4.608887440316284e-05
395,0.09343292733008438,0.02454296273289172,0.02454296273289172,4.9085925465783445e-06
396,0.3052892895580707,0.21185636222798634,0.21185636222798634,4.237127244559727e-05
397,0.19595837920062298,-0.10933091035744774,0.10933091035744774,2.186618207148955e-05
398,0.026972679494003643,-0.16898569970661934,0.16898569970661934,3.379713994132387e-05
399,0.13399956537578026,0.10702688588177661,0.10702688588177661,2.1405377176355323e-05
400,0.03309171069096098,-0.10090785468481928,0.10090785468481928,2.0181570936963856e-05
401,-0.02445099814082452,-0.0575427088317855,0.0575427088317855,1.15085417663571e-05
402,0.049605016583063044,0.07405601472388756,0.07405601472388756,1.4811202944777514e-05
403,0.03714975243363333,-0.012455264149429712,0.012455264149429712,2.4910528298859427e-06
404,0.21936655540568692,0.1822168029720536,0.1822168029720536,3.644336059441072e-05
405,0.545456527249918,0.32608997184423105,0.32608997184423105,6.521799436884621e-05
406,0.7010109173926038,0.1555543901426858,0.1555543901426858,3.111087802853716e-05
407,0.8961037336216476,0.19509281622904384,0.19509281622904384,3.901856324580877e-05
408,1.0,0.10389626637835236,0.10389626637835236,2.0779253275670475e-05
409,1.0,0.0,0.0,0.0
410,1.0,0.0,0.0,0.0
411,0.9187101504880569,-0.08128984951194307,0.08128984951194307,1.6257969902388615e-05
412,0.6402330640926049,-0.278477086395452,0.278477086395452,5.56954172790904e-05
413,0.8618730531264014,0.22163998903379645,0.22163998903379645,4.4327997806759294e-05
414,0.9045657369370104,0.04269268381060898,0.04269268381060898,8.538536762121796e-06
415,0.921397784454266,0.016832047517255644,0.016832047517255644,3.366409503451129e-06
416,0.8561153026598746,-0.06528248179439144,0.06528248179439144,1.305649635887829e-05
417,1.0,0.14388469734012543,0.14388469734012543,2.877693946802509e-05
418,0.8203551829522413,-0.1796448170477587,0.1796448170477587,3.592896340955174e-05
419,1.0,0.1796448170477587,0.1796448170477587,3.592896340955174e-05
420,1.0,0.0,0.0,0.0
421,1.0,0.0,0.0,0.0
422,0.9122887253546514,-0.08771127464534856,0.08771127464534856,1.7542254929069712e-05
423,0.8621555251678693,-0.050133200186782134,0.050133200186782134,1.0026640037356427e-05
424,0.9768922254434319,0.1147367002755626,0.1147367002755626,2.294734005511252e-05
425,0.8885832446153202,-0.08830898082811167,0.08830898082811167,1.7661796165622334e-05
426,1.0,0.11141675538467977,0.11141675538467977,2.2283351076935955e-05
427,0.873664237389778,-0.12633576261022195,0.12633576261022195,2.526715252204439e-05
428,0.5295726335143073,-0.3440916038754708,0.3440916038754708,6.881832077509415e-05
429,0.5479821745808419,0.018409541066534585,0.018409541066534585,3.681908213306917e-06
430,0.22266734023636192,-0.32531483434447994,0.32531483434447994,6.506296686889599e-05
431,0.15354111415618565,-0.06912622608017627,0.06912622608017627,1.3825245216035254e-05
432,0.347317222953187,0.19377610879700136,0.19377610879700136,3.8755221759400276e-05
433,0.2691319392258878,-0.07818528372729922,0.07818528372729922,1.5637056745459842e-05
434,0.24413683060966787,-0.024995108616219924,0.024995108616219924,4.999021723243985e-06
435,0.2988270265060064,0.05469019589633853,0.05469019589633853,1.0938039179267706e-05
436,0.2109376446177093,-0.08788938188829709,0.08788938188829709,1.757787637765942e-05
437,0.4082032594204239,0.1972656148027146,0.1972656148027146,3.945312296054292e-05
438,0.17668871536792688,-0.23151454405249702,0.23151454405249702,4.630290881049941e-05
439,0.021951407793019823,-0.15473730757490706,0.15473730757490706,3.094746151498141e-05
440,0.18491036585132656,0.16295895805830674,0.16295895805830674,3.259179161166135e-05
441,0.27537573892501493,0.09046537307368838,0.09046537307368838,1.8093074614737675e-05
442,0.42059952313505766,0.14522378421004273,0.14522378421004273,2.9044756842008547e-05
443,0.5312007146251891,0.11060119149013148,0.11060119149013148,2.2120238298026296e-05
444,0.42294528765862616,-0.10825542696656298,0.10825542696656298,2.16510853933126e-05
445,0.47998058373780783,0.057035296079181674,0.057035296079181674,1.1407059215836335e-05
446,0.43865259279177116,-0.041327990946036675,0.041327990946036675,8.265598189207335e-06
447,0.2842931769171919,-0.15435941587457924,0.15435941587457924,3.087188317491585e-05
448,0.3673111949702119,0.08301801805302,0.08301801805302,1.6603603610604e-05
449,0.18984054146890902,-0.1774706535013029,0.1774706535013029,3.549413070026058e-05
450,0.21534983578229536,0.025509294313386333,0.025509294313386333,5.101858862677267e-06
451,0.1670099412707181,-0.04833989451157725,0.04833989451157725,9.66797890231545e-06
452,0.0867120770141114,-0.0802978642566067,0.0802978642566067,1.605957285132134e-05
453,0.001849713917739318,-0.08486236309637209,0.08486236309637209,1.6972472619274418e-05
454,0.1251743537647627,0.1233246398470234,0.1233246398470234,2.466492796940468e-05
455,0.09514499882651727,-0.030029354938245448,0.030029354938245448,6.00587098764909e-06
456,0.12299320707962494,0.027848208253107673,0.027848208253107673,5.569641650621535e-06
457,0.0906250980954903,-0.03236810898413464,0.03236810898413464,6.473621796826929e-06
458,-0.04948334136592661,-0.1401084394614169,0.1401084394614169,2.8021687892283383e-05
459,-0.1069889293294077,-0.0575055879634811,0.0575055879634811,1.150111759269622e-05
460,-0.14335123694235005,-0.036362307612942346,0.036362307612942346,7.27246152258847e-06
461,-0.07251669790497149,0.07083453903737856,0.07083453903737856,1.4166907807475713e-05
462,-0.25640302355138783,-0.18388632564641633,0.18388632564641633,3.6777265129283264e-05
463,-0.04431409827379182,0.212088925277596,0.212088925277596,4.2417785055519206e-05
464,-0.13469815019797904,-0.09038405192418722,0.09038405192418722,1.8076810384837446e-05
465,-0.059983408413004535,0.0747147417849745,0.0747147417849745,1.49429483569949e-05
466,-0.013022217528796391,0.046961190884208144,0.046961190884208144,9.39223817684163e-06
467,-0.10213909292669418,-0.08911687539789778,0.08911687539789778,1.7823375079579556e-05
468,0.07554677097474358,0.17768586390143776,0.17768586390143776,3.553717278028755e-05
469,-0.05134525458126393,-0.1268920255560075,0.1268920255560075,2.5378405111201502e-05
470,0.1590919413669204,0.21043719594818433,0.21043719594818433,4.2087439189636866e-05
471,0.1868873526612,0.027795411294279593,0.027795411294279593,5.559082258855919e-06
472,0.25960904325451967,0.07272169059331968,0.07272169059331968,1.4544338118663937e-05
473,0.2951333817414549,0.03552433848693526,0.03552433848693526,7.104867697387052e-06
474,0.29390748596208355,-0.0012258957793713776,0.0012258957793713776,2.451791558742755e-07
475,0.23900391464928056,-0.05490357131280299,0.05490357131280299,1.0980714262560598e-05
476,0.31840124543636683,0.07939733078708627,0.07939733078708627,1.5879466157417254e-05
477,0.215555166766846,-0.10284607866952084,0.10284607866952084,2.056921573390417e-05
478,0.058252370947990934,-0.15730279581885506,0.15730279581885506,3.146055916377101e-05
479,-0.07025067000836188,-0.12850304095635282,0.12850304095635282,2.5700608191270564e-05
480,-0.11020585265450239,-0.03995518264614051,0.03995518264614051,7.991036529228102e-06
481,-0.09575509435532324,0.014450758299179148,0.014450758299179148,2.8901516598358296e-06
482,-0.07335559713266497,0.02239949722265827,0.02239949722265827,4.479899444531655e-06
483,0.08385464185726378,0.15721023898992875,0.15721023898992875,3.144204779798575e-05
484,0.01718783691686722,-0.06666680494039656,0.06666680494039656,1.3333360988079312e-05
485,0.26254207145645825,0.24535423453959104,0.24535423453959104,4.907084690791821e-05
486,0.29681792895032755,0.0342758574938693,0.0342758574938693,6.85517149877386e-06
487,0.2068202756858899,-0.08999765326443765,0.08999765326443765,1.7999530652887532e-05
488,0.380976263228674,0.1741559875427841,0.1741559875427841,3.4831197508556824e-05
489,0.5571511632624966,0.17617490003382258,0.17617490003382258,3.5234980006764516e-05
490,0.6561214433424911,0.09897028007999453,0.09897028007999453,1.9794056015998908e-05
491,0.48670842054531294,-0.16941302279717818,0.16941302279717818,3.388260455943564e-05
492,0.46690902727818195,-0.019799393267130982,0.019799393267130982,3.959878653426197e-06
493,0.3806481835395236,-0.08626084373865833,0.08626084373865833,1.7252168747731666e-05
494,0.3684496045452175,-0.012198578994306097,0.012198578994306097,2.4397157988612195e-06
495,0.4272375738556485,0.058787969310430954,0.058787969310430954,1.1757593862086191e-05
496,0.46349481111419955,0.03625723725855107,0.03625723725855107,7.251447451710213e-06
497,0.35028143301749715,-0.1132133780967024,0.1132133780967024,2.264267561934048e-05
498,0.39017889148386425,0.03989745846636711,0.03989745846636711,7.979491693273422e-06
499,0.2117017026707017,-0.17847718881316255,0.17847718881316255,3.569543776263251e-05
500,0.31515653531156407,0.10345483264086236,0.10345483264086236,2.0690966528172472e-05
501,0.3552707382447263,0.04011420293316226,0.04011420293316226,8.022840586632453e-06
502,0.23647618975302,-0.11879454849170631,0.11879454849170631,2.3758909698341265e-05
503,0.30564305992671004,0.06916687017369003,0.06916687017369003,1.3833374034738006e-05
504,0.26688679658466785,-0.038756263342042185,0.038756263342042185,7.751252668408437e-06
505,0.14269157227729906,-0.12419522430736879,0.12419522430736879,2.483904486147376e-05
506,0.22554639774746515,0.0828548254701661,0.0828548254701661,1.657096509403322e-05
507,-0.06589028470308173,-0.2914366824505469,0.2914366824505469,5.8287336490109376e-05
508,-0.033886890251004324,0.0320033944520774,0.0320033944520774,6.4006788904154805e-06
509,-0.23976801708857814,-0.2058811268375738,0.2058811268375738,4.1176225367514764e-05
510,0.04281179763926091,0.28257981472783905,0.28257981472783905,5.651596294556781e-05
511,0.20904140741963173,0.16622960978037082,0.16622960978037082,3.3245921956074165e-05
512,0.33558389081457746,0.12654248339494573,0.12654248339494573,2.5308496678989145e-05
513,0.2784204457885994,-0.05716344502597803,0.05716344502597803,1.1432689005195607e-05
514,0.3399363350778503,0.06151588928925089,0.06151588928925089,1.230317785785018e-05
515,0.17754600435246515,-0.16239033072538517,0.16239033072538517,3.2478066145077035e-05
516,0.16368158123793086,-0.013864423114534286,0.013864423114534286,2.7728846229068573e-06
517,-0.15615295796859835,-0.3198345392065292,0.3198345392065292,6.396690784130585e-05
518,-0.16128633155618208,-0.005133373587583728,0.005133373587583728,1.0266747175167457e-06
519,-0.2145089544307904,-0.05322262287460833,0.05322262287460833,1.0644524574921667e-05
520,-0.28347592955411094,-0.06896697512332053,0.06896697512332053,1.3793395024664107e-05
521,-0.21238789022216886,0.07108803933194208,0.07108803933194208,1.4217607866388416e-05
522,-0.14752058144086078,0.06486730878130809,0.06486730878130809,1.2973461756261617e-05
523,-0.10233297148291748,0.0451876099579433,0.0451876099579433,9.03752199158866e-06
524,-0.015677945259065948,0.08665502622385153,0.08665502622385153,1.7331005244770307e-05
525,-0.20422245891528912,-0.18854451365622316,0.18854451365622316,3.7708902731244634e-05
526,-0.3504995915790048,-0.14627713266371567,0.14627713266371567,2.9255426532743136e-05
527,-0.3289691395069352,0.021530452072069606,0.021530452072069606,4.306090414413922e-06
528,-0.5058942326765303,-0.17692509316959515,0.17692509316959515,3.5385018633919034e-05
529,-0.3926905299222544,0.11320370275427594,0.11320370275427594,2.264074055085519e-05
530,-0.30309042376746126,0.08960010615479314,0.08960010615479314,1.792002123095863e-05
531,-0.428729116788126,-0.12563869302066472,0.12563869302066472,2.5127738604132945e-05
532,-0.6198066475613996,-0.1910775307732736,0.1910775307732736,3.821550615465472e-05
533,-0.5237981798003564,0.09600846776104321,0.09600846776104321,1.9201693552208643e-05
534,-0.5118409808909928,0.011957198909363531,0.011957198909363531,2.3914397818727064e-06
535,-0.4774460114843063,0.034394969406686515,0.034394969406686515,6.878993881337304e-06
536,-0.4667187207507713,0.010727290733535011,0.010727290733535011,2.1454581467070024e-06
537,-0.3920658138055816,0.07465290694518972,0.07465290694518972,1.4930581389037945e-05
538,-0.5308355137473414,-0.1387696999417598,0.1387696999417598,2.7753939988351964e-05
539,-0.40289218487744594,0.12794332886989546,0.12794332886989546,2.5588665773979092e-05
540,-0.5525512878502148,-0.14965910297276885,0.14965910297276885,2.9931820594553773e-05
541,-0.48758711607066496,0.06496417177954983,0.06496417177954983,1.2992834355909966e-05
542,-0.7310570256950348,-0.24346990962436987,0.24346990962436987,4.8693981924873974e-05
543,-0.7560025629028103,-0.02494553720777548,0.02494553720777548,4.989107441555097e-06
544,-1.0,-0.24399743709718968,0.24399743709718968,4.879948741943794e-05
545,-0.8587838877574232,0.1412161122425768,0.1412161122425768,2.824322244851536e-05
546,-0.8679999957422266,-0.009216107984803434,0.009216107984803434,1.843221596960687e-06
547,-0.7514873382058463,0.11651265753638029,0.11651265753638029,2.330253150727606e-05
548,-0.8842485093668198,-0.1327611711609734,0.1327611711609734,2.6552234232194685e-05
549,-0.971327511430232,-0.08707900206341224,0.08707900206341224,1.7415800412682448e-05
550,-0.8876358964417683,0.08369161498846367,0.08369161498846367,1.6738322997692735e-05
551,-0.8440479209455789,0.043587975496189424,0.043587975496189424,8.717595099237884e-06
552,-0.8974737686597669,-0.05342584771418801,0.05342584771418801,1.0685169542837603e-05
553,-0.655869037780073,0.24160473087969392,0.24160473087969392,4.8320946175938785e-05
554,-0.7761611341469283,-0.12029209636685534,0.12029209636685534,2.405841927337107e-05
555,-0.6029673594332281,0.17319377471370023,0.17319377471370023,3.4638754942740046e-05
556,-0.6923606446075338,-0.08939328517430567,0.08939328517430567,1.7878657034861136e-05
557,-0.6968320345631774,-0.004471389955643668,0.004471389955643668,8.942779911287336e-07
558,-0.6644595671043705,0.03237246745880695,0.03237246745880695,6.474493491761391e-06
559,-0.7986292612569198,-0.1341696941525493,0.1341696941525493,2.6833938830509863e-05
560,-1.0,-0.2013707387430802,0.2013707387430802,4.027414774861604e-05
561,-1.0,0.0,0.0,0.0
562,-0.9416537685282312,0.05834623147176876,0.05834623147176876,1.1669246294353754e-05
563,-1.0,-0.05834623147176876,0.05834623147176876,1.1669246294353754e-05
564,-1.0,0.0,0.0,0.0
565,-1.0,0.0,0.0,0.0
566,-1.0,0.0,0.0,0.0
567,-0.8210038384334207,0.17899616156657927,0.17899616156657927,3.5799232313315856e-05
568,-0.7398367387144265,0.08116709971899427,0.08116709971899427,1.6233419943798857e-05
569,-0.7493277616148667,-0.009491022900440238,0.009491022900440238,1.8982045800880478e-06
570,-0.6854819704498718,0.06384579116499489,0.06384579116499489,1.2769158232998979e-05
571,-0.7007893408994987,-0.015307370449626934,0.015307370449626934,3.061474089925387e-06
572,-0.995184255712023,-0.2943949148125242,0.2943949148125242,5.887898296250485e-05
573,-0.9289721897727448,0.0662120659392782,0.0662120659392782,1.324241318785564e-05
574,-1.0,-0.07102781022725524,0.07102781022725524,1.4205562045451049e-05
575,-0.9510604986507035,0.04893950134929648,0.04893950134929648,9.787900269859296e-06
576,-1.0,-0.04893950134929648,0.04893950134929648,9.787900269859296e-06
577,-1.0,0.0,0.0,0.0
578,-0.9995829358672174,0.00041706413278264076,0.00041706413278264076,8.341282655652816e-08
579,-1.0,-0.00041706413278264076,0.00041706413278264076,8.341282655652816e-08
580,-0.870915622978288,0.12908437702171205,0.12908437702171205,2.581687540434241e-05
581,-1.0,-0.12908437702171205,0.12908437702171205,2.581687540434241e-05
582,-0.756637255146156,0.24336274485384402,0.24336274485384402,4.8672548970768804e-05
583,-0.8194283787652693,-0.06279112361911332,0.06279112361911332,1.2558224723822664e-05
584,-0.8322258152589573,-0.01279743649368803,0.01279743649368803,2.559487298737606e-06
585,-0.6208042181873278,0.21142159707162955,0.21142159707162955,4.228431941432591e-05
586,-0.7379346413652704,-0.11713042317794264,0.11713042317794264,2.342608463558853e-05
587,-0.817804473517826,-0.07986983215255561,0.07986983215255561,1.5973966430511123e-05
588,-0.606224857402839,0.211579616114987,0.211579616114987,4.23159232229974e-05
589,-0.4621503674249523,0.14407448997788674,0.14407448997788674,2.881489799557735e-05
590,-0.42083299726392376,0.041317370161028544,0.041317370161028544,8.263474032205709e-06
591,-0.4520459275042037,-0.031212930240279935,0.031212930240279935,6.2425860480559876e-06
592,-0.2539465333490686,0.1980993941551351,0.1980993941551351,3.961987883102702e-05
593,0.0076092362875476716,0.26155576963661625,0.26155576963661625,5.2311153927323254e-05
594,0.11193485326575693,0.10432561697820926,0.10432561697820926,2.0865123395641853e-05
595,0.08410518792289572,-0.027829665342861215,0.027829665342861215,5.565933068572243e-06
596,0.03672472344042438,-0.04738046448247134,0.04738046448247134,9.476092896494268e-06
597,-0.09952012412940686,-0.13624484756983124,0.13624484756983124,2.7248969513966248e-05
598,-0.1637685427392335,-0.06424841860982664,0.06424841860982664,1.2849683721965328e-05
599,-0.346157936704235,-0.1823893939650015,0.1823893939650015,3.64778787930003e-05
600,-0.2697179683732501,0.07643996833098488,0.07643996833098488,1.5287993666196977e-05
601,-0.11154767947246824,0.15817028890078189,0.15817028890078189,3.163405778015638e-05
602,-0.08069780618992098,0.030849873282547263,0.030849873282547263,6.169974656509453e-06
603,0.1758048564497907,0.25650266263971166,0.25650266263971166,5.1300532527942336e-05
604,0.42255664385140845,0.24675178740161777,0.24675178740161777,4.9350357480323555e-05
605,0.39627608784687834,-0.02628055600453011,0.02628055600453011,5.256111200906022e-06
606,0.4501061417088375,0.05383005386195916,0.05383005386195916,1.0766010772391832e-05
607,0.2757764495223477,-0.1743296921864898,0.1743296921864898,3.486593843729796e-05
608,0.48451475361650886,0.20873830409416116,0.20873830409416116,4.1747660818832236e-05
609,0.500991271060207,0.016476517443698158,0.016476517443698158,3.2953034887396317e-06
610,0.35006922939877244,-0.15092204166143458,0.15092204166143458,3.018440833228692e-05
611,0.352748586344408,0.002679356945635536,0.002679356945635536,5.358713891271072e-07
612,0.4591218481528737,0.10637326180846574,0.10637326180846574,2.127465236169315e-05
613,0.4610320688868578,0.0019102207339841137,0.0019102207339841137,3.8204414679682274e-07
614,0.5600192936765583,0.09898722478970051,0.09898722478970051,1.9797444957940102e-05
615,0.7214251445084519,0.16140585083189352,0.16140585083189352,3.228117016637871e-05
616,0.7284058324514738,0.006980687943021979,0.006980687943021979,1.396137588604396e-06
617,0.7776112153477508,0.04920538289627696,0.04920538289627696,9.841076579255393e-06
618,0.6361494822658013,-0.14146173308194954,0.14146173308194954,2.829234661638991e-05
619,0.5806686438813208,-0.05548083838448048,0.05548083838448048,1.1096167676896097e-05
620,0.6559565087241421,0.07528786484282135,0.07528786484282135,1.505757296856427e-05
621,0.8949858943127021,0.23902938558856002,0.23902938558856002,4.7805877117712006e-05
622,0.8761415224932994,-0.018844371819402794,0.018844371819402794,3.768874363880559e-06
623,0.9963545815057473,0.12021305901244794,0.12021305901244794,2.404261180248959e-05
624,0.8983699034093668,-0.09798467809638045,0.09798467809638045,1.9596935619276092e-05
625,0.7447920074752921,-0.15357789593407478,0.15357789593407478,3.071557918681496e-05
626,0.7574219457936726,0.012629938318380551,0.012629938318380551,2.5259876636761105e-06
627,0.9953605209323042,0.2379385751386316,0.2379385751386316,4.758771502772632e-05
628,0.9239067207877601,-0.07145380014454406,0.07145380014454406,1.4290760028908812e-05
629,1.0,0.07609327921223985,0.07609327921223985,1.521865584244797e-05
630,1.0,0.0,0.0,0.0
631,0.9325985050205985,-0.06740149497940151,0.06740149497940151,1.3480298995880302e-05
632,1.0,0.06740149497940151,0.06740149497940151,1.3480298995880302e-05
633,0.9393363249844805,-0.0606636750155195,0.0606636750155195,1.21327350031039e-05
634,1.0,0.0606636750155195,0.0606636750155195,1.21327350031039e-05
635,1.0,0.0,0.0,0.0
636,1.0,0.0,0.0,0.0
637,0.9087879932139995,-0.0912120067860005,0.0912120067860005,1.8242401357200102e-05
638,0.7339393530126308,-0.1748486402013687,0.1748486402013687,3.496972804027374e-05
639,0.6315550999703237,-0.10238425304230714,0.10238425304230714,2.047685060846143e-05
640,0.23862684280665192,-0.39292825716367175,0.39292825716367175,7.858565143273436e-05
641,0.29317761083740407,0.05455076803075215,0.05455076803075215,1.091015360615043e-05
642,0.25836188612406275,-0.03481572471334132,0.03481572471334132,6.963144942668265e-06
643,0.05541727786972081,-0.20294460825434193,0.20294460825434193,4.058892165086839e-05
644,0.24958601464613564,0.19416873677641483,0.19416873677641483,3.8833747355282965e-05
645,0.09560405872272262,-0.15398195592341302,0.15398195592341302,3.07963911846826e-05
646,-0.23548904686433483,-0.33109310558705746,0.33109310558705746,6.62186211174115e-05
647,-0.42666849090843795,-0.19117944404410311,0.19117944404410311,3.8235888808820626e-05
648,-0.5187185106076333,-0.09205001969919535,0.09205001969919535,1.841000393983907e-05
649,-0.3311036619949278,0.1876148486127055,0.1876148486127055,3.75229697225411e-05
650,-0.4125641207636854,-0.08146045876875763,0.08146045876875763,1.6292091753751528e-05
651,-0.34999083786325325,0.06257328290043218,0.06257328290043218,1.2514656580086437e-05
652,-0.4577006810742793,-0.10770984321102606,0.10770984321102606,2.1541968642205213e-05
653,-0.38638866387923154,0.07131201719504776,0.07131201719504776,1.4262403439009552e-05
654,-0.41177271900822227,-0.025384055128990723,0.025384055128990723,5.076811025798145e-06
655,-0.2987494906431083,0.11302322836511397,0.11302322836511397,2.2604645673022795e-05
656,-0.5693508137594679,-0.27060132311635965,0.27060132311635965,5.4120264623271934e-05
657,-0.5735495489529776,-0.004198735193509662,0.004198735193509662,8.397470387019324e-07
658,-0.6297401703111694,-0.05619062135819175,0.05619062135819175,1.123812427163835e-05
659,-0.5885317794134859,0.04120839089768347,0.04120839089768347,8.241678179536694e-06
660,-0.862796332311488,-0.2742645528980021,0.2742645528980021,5.4852910579600426e-05
661,-0.8339177969287399,0.028878535382748094,0.028878535382748094,5.775707076549619e-06
662,-0.6851445402317864,0.14877325669695352,0.14877325669695352,2.9754651339390704e-05
663,-0.626518211096917,0.058626329134869426,0.058626329134869426,1.1725265826973886e-05
664,-0.4910494311970771,0.13546877989983985,0.13546877989983985,2.7093755979967973e-05
665,-0.5189798878000476,-0.027930456602970444,0.027930456602970444,5.586091320594089e-06
666,-0.5127033686457448,0.006276519154302718,0.006276519154302718,1.2553038308605435e-06
667,-0.6425029751852392,-0.1297996065394944,0.1297996065394944,2.595992130789888e-05
668,-0.6426165845413739,-0.00011360935613469181,0.00011360935613469181,2.2721871226938363e-08
669,-0.6267075568260185,0.015909027715355406,0.015909027715355406,3.1818055430710814e-06
670,-0.5593003476340591,0.06740720919195942,0.06740720919195942,1.3481441838391885e-05
671,-0.8594161862940624,-0.30011583866000324,0.30011583866000324,6.002316773200065e-05
672,-0.8215288660490909,0.037887320244971434,0.037887320244971434,7.577464048994287e-06
673,-0.836422327198959,-0.014893461149868115,0.014893461149868115,2.978692229973623e-06
674,-0.7780765430143666,0.058345784184592464,0.058345784184592464,1.1669156836918493e-05
675,-0.6603661936444849,0.11771034936988167,0.11771034936988167,2.3542069873976335e-05
676,-0.30785672366285394,0.35250946998163096,0.35250946998163096,7.05018939963262e-05
677,-0.32221313109794036,-0.014356407435086427,0.014356407435086427,2.8712814870172856e-06
678,-0.5947644884260996,-0.27255135732815927,0.27255135732815927,5.451027146563186e-05
679,-0.7277815108463579,-0.13301702242025826,0.13301702242025826,2.6603404484051653e-05
680,-0.8548080340714653,-0.12702652322510743,0.12702652322510743,2.5405304645021488e-05
681,-1.0,-0.14519196592853467,0.14519196592853467,2.9038393185706936e-05
682,-0.9670537792023981,0.0329462207976019,0.0329462207976019,6.58924415952038e-06
683,-0.6698873429062346,0.29716643629616346,0.29716643629616346,5.9433287259232695e-05
684,-0.30559407043043213,0.3642932724758025,0.3642932724758025,7.28586544951605e-05
685,-0.28086324269986884,0.024730827730563287,0.024730827730563287,4.946165546112657e-06
686,-0.244106978759691,0.036756263940177836,0.036756263940177836,7.351252788035567e-06
687,-0.23631843424812904,0.007788544511561968,0.007788544511561968,1.5577089023123936e-06
688,-0.12681161609268538,0.10950681815544366,0.10950681815544366,2.1901363631088733e-05
689,-0.03843964900479513,0.08837196708789025,0.08837196708789025,1.767439341757805e-05
690,-0.19910239618386755,-0.16066274717907242,0.16066274717907242,3.213254943581448e-05
691,-0.34783000515937945,-0.1487276089755119,0.1487276089755119,2.9745521795102383e-05
692,-0.46192123153823317,-0.11409122637885372,0.11409122637885372,2.2818245275770744e-05
693,-0.22292052035658944,0.23900071118164373,0.23900071118164373,4.780014223632875e-05
694,-0.49386082787395724,-0.2709403075173678,0.2709403075173678,5.418806150347356e-05
695,-0.749485339139095,-0.25562451126513774,0.25562451126513774,5.1124902253027553e-05
696,-0.6978412384438311,0.05164410069526393,0.05164410069526393,1.0328820139052786e-05
697,-0.7134775446632746,-0.015636306219443563,0.015636306219443563,3.1272612438887127e-06
698,-0.8757696257278476,-0.16229208106457294,0.16229208106457294,3.245841621291459e-05
699,-0.719856286808778,0.15591333891906956,0.15591333891906956,3.118266778381391e-05
700,-0.6988213877122335,0.021034899096544546,0.021034899096544546,4.206979819308909e-06
701,-0.8229999317049818,-0.1241785439927483,0.1241785439927483,2.483570879854966e-05
702,-0.7619204486779849,0.06107948302699684,0.06107948302699684,1.2215896605399369e-05
703,-0.7869626895774944,-0.02504224089950946,0.02504224089950946,5.0084481799018925e-06
704,-0.6722338779520396,0.11472881162545479,0.11472881162545479,2.294576232509096e-05
705,-0.7480986328354935,-0.0758647548834539,0.0758647548834539,1.5172950976690781e-05
706,-0.9325392192008004,-0.1844405863653069,0.1844405863653069,3.688811727306138e-05
707,-0.851397592095213,0.08114162710558737,0.08114162710558737,1.6228325421117473e-05
708,-0.9253178017869026,-0.07392020969168955,0.07392020969168955,1.4784041938337912e-05
709,-1.0,-0.0746821982130974,0.0746821982130974,1.4936439642619482e-05
710,-0.9286198530284706,0.07138014697152939,0.07138014697152939,1.4276029394305878e-05
711,-0.8663322967513473,0.062287556277123346,0.062287556277123346,1.245751125542467e-05
712,-0.7618495670068416,0.10448272974450568,0.10448272974450568,2.0896545948901136e-05
713,-0.8415245287018307,-0.07967496169498911,0.07967496169498911,1.5934992338997822e-05
714,-0.7008769116276486,0.14064761707418205,0.14064761707418205,2.812952341483641e-05
715,-0.656298227984627,0.044578683643021644,0.044578683643021644,8.91573672860433e-06
716,-0.6161350810021643,0.040163146982462705,0.040163146982462705,8.03262939649254e-06
717,-0.4801155750128373,0.136019505989327,0.136019505989327,2.72039011978654e-05
718,-0.4483061343637175,0.03180944064911978,0.03180944064911978,6.361888129823956e-06
719,-0.37816209735765144,0.07014403700606608,0.07014403700606608,1.4028807401213218e-05
720,-0.2729956554272591,0.10516644193039232,0.10516644193039232,2.1033288386078466e-05
721,-0.4113833415363185,-0.13838768610905938,0.13838768610905938,2.767753722181188e-05
722,-0.33820075999067456,0.07318258154564394,0.07318258154564394,1.4636516309128789e-05
723,-0.22750215787735772,0.11069860211331684,0.11069860211331684,2.2139720422663368e-05
724,-0.2764873225657244,-0.04898516468836667,0.04898516468836667,9.797032937673334e-06
725,-0.18993025516473813,0.08655706740098626,0.08655706740098626,1.7311413480197253e-05
726,-0.13350722886658792,0.056423026298150214,0.056423026298150214,1.1284605259630043e-05
727,-0.18280364471878163,-0.049296415852193715,0.049296415852193715,9.859283170438744e-06
728,-0.27453532592833557,-0.09173168120955394,0.09173168120955394,1.834633624191079e-05
729,-0.37185595216547573,-0.09732062623714016,0.09732062623714016,1.9464125247428035e-05
730,-0.08143017717320589,0.29042577499226985,0.29042577499226985,5.808515499845397e-05
731,-0.061743301417873236,0.01968687575533265,0.01968687575533265,3.93737515106653e-06
732,0.11853647800405526,0.1802797794219285,0.1802797794219285,3.60559558843857e-05
733,-0.05976765439300119,-0.17830413239705645,0.17830413239705645,3.566082647941129e-05
734,0.03188309662411608,0.09165075101711727,0.09165075101711727,1.8330150203423456e-05
735,0.1779425829747785,0.1460594863506624,0.1460594863506624,2.9211897270132484e-05
736,0.15649420511064766,-0.02144837786413084,0.02144837786413084,4.2896755728261685e-06
737,0.20739124452054117,0.05089703940989351,0.05089703940989351,1.0179407881978703e-05
738,0.35595121409715713,0.14855996957661596,0.14855996957661596,2.9711993915323193e-05
739,0.1000696517855264,-0.25588156231163073,0.25588156231163073,5.117631246232615e-05
740,0.11749251466794411,0.017422862882417706,0.017422862882417706,3.484572576483541e-06
741,0.10868305807293899,-0.008809456595005122,0.008809456595005122,1.7618913190010245e-06
742,0.25094345589978617,0.14226039782684718,0.14226039782684718,2.8452079565369438e-05
743,0.27952169792217546,0.02857824202238929,0.02857824202238929,5.715648404477858e-06
744,0.3082797692197334,0.02875807129755792,0.02875807129755792,5.7516142595115845e-06
745,-0.07568037479670808,-0.38396014401644146,0.38396014401644146,7.679202880328829e-05
746,-0.13286829323699878,-0.0571879184402907,0.0571879184402907,1.143758368805814e-05
747,0.13973257851106047,0.27260087174805925,0.27260087174805925,5.4520174349611855e-05
748,-0.1887448809863475,-0.328477459497408,0.328477459497408,6.56954918994816e-05
749,-0.023749448143580876,0.16499543284276663,0.16499543284276663,3.299908656855333e-05
750,-0.03817365369860902,-0.014424205555028144,0.014424205555028144,2.884841111005629e-06
751,0.006622214541003757,0.04479586823961278,0.04479586823961278,8.959173647922556e-06
752,-0.07520404715146255,-0.0818262616924663,0.0818262616924663,1.636525233849326e-05
753,0.10842642143570679,0.18363046858716933,0.18363046858716933,3.6726093717433865e-05
754,0.13325384769982163,0.02482742626411484,0.02482742626411484,4.965485252822968e-06
755,-0.05765161578892539,-0.190905463488747,0.190905463488747,3.8181092697749405e-05
